,Name,Link
0,Ariela Sofer,https://www.linkedin.com/in/ariela-sofer-86287811?miniProfileUrn=urn%3Ali%3Afs_miniProfile%3AACoAAAJxIcoBG7riI6b5-JMQK4RNav0Sa-Jb_No
1,Arthur Pyster,https://www.linkedin.com/in/art-pyster-ba838511?miniProfileUrn=urn%3Ali%3Afs_miniProfile%3AACoAAAJeZHABL454gZtHkif60cGuppfUnEtdPfQ
2,Deborah Goodings,https://www.linkedin.com/in/deborah-goodings-553134106?miniProfileUrn=urn%3Ali%3Afs_miniProfile%3AACoAABq3PQ8BDL67otqXsZQVDsD4BQU9RnQBViA
3,Sanjeev Setia,
4,Giacomo Francisci,
5,Abolfazl Safikhani,https://www.linkedin.com/in/abolfazl-safikhani-3aaa433a?miniProfileUrn=urn%3Ali%3Afs_miniProfile%3AACoAAAhXMnIBMhyyynzaXNgv-JyHR0N6n8crbno
6,Anand Vidyashankar,
7,Brett Hunter,https://www.linkedin.com/in/hunterbevis?miniProfileUrn=urn%3Ali%3Afs_miniProfile%3AACoAAAEbRBYB1mYYo8G9HZgOPHj2O-mYhTMU9So
8,David Kepplinger,https://www.linkedin.com/in/dakep?miniProfileUrn=urn%3Ali%3Afs_miniProfile%3AACoAABYzSAIBuPonW1f6vFhvZGLlvv2vq54aM-Y
9,Adetokunbo Fadahunsi,https://www.linkedin.com/in/tokunbo-fadahunsi-phd-18a32b14?miniProfileUrn=urn%3Ali%3Afs_miniProfile%3AACoAAALlUToBmg1uMWhLFISTNgALoG7HVijXy-4
10,Clifton Sutton,
11,Jiayang Sun,https://www.linkedin.com/in/jiayang-sun-b700206?miniProfileUrn=urn%3Ali%3Afs_miniProfile%3AACoAAAESCIQB0X-8IcY3Ct6W4yzpAO4EcIQ6b4Y
12,Martin Slawski,https://www.linkedin.com/in/martin-slawski-7740a7b8?miniProfileUrn=urn%3Ali%3Afs_miniProfile%3AACoAABjuHYgB-hUtmCu2WLf6emFv9Qk5OAJMctA
13,Pramita Bagchi,https://www.linkedin.com/in/pramita-bagchi-341814a9?miniProfileUrn=urn%3Ali%3Afs_miniProfile%3AACoAABcUXeEBgaCfuJE1RUfKnhImHdY9gY5KD00
14,Wanli Qiao,
15,Ilhan Izmirli,https://www.linkedin.com/in/ilhan-izmirli-150b719a?miniProfileUrn=urn%3Ali%3Afs_miniProfile%3AACoAABUsYowBmvzjJzLk3UBzn6cficGczaT30L4
16,Inchi Hu,
17,Isuru Dassanayake,https://www.linkedin.com/in/isuru-dassanayake-b6a62485?miniProfileUrn=urn%3Ali%3Afs_miniProfile%3AACoAABIRW4IB4tuoi5sGOUcCoh6bOfdDH3LLa24
18,Jason Goldberg,
19,John Stufken,
20,Jonathan Auerbach,https://www.linkedin.com/in/jonathan-auerbach-11a9807a?miniProfileUrn=urn%3Ali%3Afs_miniProfile%3AACoAABDflKYB9m4FmG8YoAhadcX7CpyPAWBESAU
21,Kenneth Pasiah,
22,Kenneth Strazzeri,
23,Lily Wang,
24,Michael Holland,
25,Nicholas Rios,https://www.linkedin.com/in/nicholas-rios-079ab799?miniProfileUrn=urn%3Ali%3Afs_miniProfile%3AACoAABT8cp0BvQf8BDYyaV-cLNEFC2HJ1l5YgyM
26,Niloofar Ramezani,https://www.linkedin.com/in/niloofar-ramezani-0b92bb24?miniProfileUrn=urn%3Ali%3Afs_miniProfile%3AACoAAAUHHc0BQQ44hflzrOhwYc7p6WUu1hpCxWU
27,Saad Karamat,
28,Seiyon Lee,https://www.linkedin.com/in/ben-seiyon-lee-b5a06418?miniProfileUrn=urn%3Ali%3Afs_miniProfile%3AACoAAAORR3YBJAI8mjaL-8uNBsOquj53mw-DeNQ
29,William Rosenberger,
30,Ahmed Bin Zaman,https://www.linkedin.com/in/ahmed-bin-zaman?miniProfileUrn=urn%3Ali%3Afs_miniProfile%3AACoAABpZW-0BhVUyKEwANzDsaeW6Rytjy9kNQ9A
31,Antonios Anastasopoulos,https://www.linkedin.com/in/anastasopoulosantonios?miniProfileUrn=urn%3Ali%3Afs_miniProfile%3AACoAAAcA4EIBqHChTtD54UA2lGe1TJbo-NgMgSc
32,Bo Han,https://www.linkedin.com/in/bo-han-88134b17?miniProfileUrn=urn%3Ali%3Afs_miniProfile%3AACoAAANupyEBz1wLkpOwfBPqozhy2NfWGEqa-PY
33,Brian Hrolenok,
34,David Rosenblum,https://www.linkedin.com/in/dsrosenblum?miniProfileUrn=urn%3Ali%3Afs_miniProfile%3AACoAAAAnQkQBKKnkiYhWk_lQxhagF0HA2JZEFNY
35,Alexander Brodsky,https://www.linkedin.com/in/alexander-brodsky-0721219?miniProfileUrn=urn%3Ali%3Afs_miniProfile%3AACoAAAGehRYBDkQwRWcnUfKmC7nPpjTzjezYAFU
36,Ana Gonzalez Hernandez,
37,Brittany Johnson-Matthews,https://www.linkedin.com/in/brittany-i-johnson-phd?miniProfileUrn=urn%3Ali%3Afs_miniProfile%3AACoAAAVBlGQBvZf5doN666tZRST6G7STrcAyHZE
38,Carlotta Domeniconi,https://www.linkedin.com/in/carlotta-domeniconi-24739180?miniProfileUrn=urn%3Ali%3Afs_miniProfile%3AACoAABEkRRcBWME6QjSVOGuVlnOM0ifFOudMXwU
39,Dana Richards,
40,Daniel Barbara,https://www.linkedin.com/in/daniel-tillson-3a355976?miniProfileUrn=urn%3Ali%3Afs_miniProfile%3AACoAABAZb-sBA-3AmTliYuD_WRYjHzht2-hpiQ8
41,Elizabeth White,https://www.linkedin.com/in/elizabeth-humphrey-165157?miniProfileUrn=urn%3Ali%3Afs_miniProfile%3AACoAAAAFkR0BwQNhgqEAdWPs1uHUUF36SHGt8Ks
42,Eric Osterweil,https://www.linkedin.com/in/eric-osterweil?miniProfileUrn=urn%3Ali%3Afs_miniProfile%3AACoAAAJ5FOABAQ0Qp3uzFudwYI7kqdH3CGT6wIc
43,Fei Li,
44,Gheorghe Tecuci,https://www.linkedin.com/in/gheorghe-tecuci-5ba4847?miniProfileUrn=urn%3Ali%3Afs_miniProfile%3AACoAAAFQxl4BmvAZZufxv4F4xrasGp_zfmlAX-k
45,Hakan Aydin,
46,Jana Kosecka,
47,Jeff Offutt,https://www.linkedin.com/in/jeff-offutt?miniProfileUrn=urn%3Ali%3Afs_miniProfile%3AACoAAADh-5MB5y1Ci1HEjFudUjquU0QorBL6JUk
48,Jim Chen,https://www.linkedin.com/in/jim-chen-7206b118?miniProfileUrn=urn%3Ali%3Afs_miniProfile%3AACoAAAOpjcgBbTZUpUCyNMNx7enzsoIFI1rrr_8
49,Paul Ammann,
50,Robert Simon,
51,Robert Pettit,https://www.linkedin.com/in/rgpettit?miniProfileUrn=urn%3Ali%3Afs_miniProfile%3AACoAAAI6tYMBhoH2rwBzx40IQ5H7QuiiY7aPUPM
52,Samuel Gordon,
53,Sean Luke,
54,Socrates Dimitriadis,
55,Tamara Maddox,https://www.linkedin.com/in/tamara-maddox-bbb4a251?miniProfileUrn=urn%3Ali%3Afs_miniProfile%3AACoAAArtvj8Bcc-3dcKxNWwFbA5LuJKDTUfVwIk
56,Thomas LaToza,https://www.linkedin.com/in/thomas-latoza?miniProfileUrn=urn%3Ali%3Afs_miniProfile%3AACoAAAutrzgByjpozFJAJuE2EyKT2BW9yFdWLrc
57,Zoran Duric,
58,Erion Plaku,https://www.linkedin.com/in/erion-plaku-86001b90?miniProfileUrn=urn%3Ali%3Afs_miniProfile%3AACoAABM5YAgBk2fu6gqlCMH_1UEIWx42OZXP_kc
59,Evgenios Kornaropoulos,https://www.linkedin.com/in/evgenios-m-kornaropoulos-7a0611248?miniProfileUrn=urn%3Ali%3Afs_miniProfile%3AACoAAD1QpCgBqJlpsSSg2twCyLuCyarm5IOfkGY
60,Fang-Yi Yu,https://www.linkedin.com/in/fang-yi-yu-66606b77?miniProfileUrn=urn%3Ali%3Afs_miniProfile%3AACoAABA0Y-4B4vXTffeja2nwujtx__3SuXuuu4s
61,Foteini Baldimtsi,https://www.linkedin.com/in/foteini-baldimtsi-03b7802a?miniProfileUrn=urn%3Ali%3Afs_miniProfile%3AACoAAAYqPC8B3ChHzJPBtCAfk3L2vQS3JGOX0Tg
62,Giuseppe Ateniese,
63,Gregory Stein,https://www.linkedin.com/in/greg-stein-2714045?miniProfileUrn=urn%3Ali%3Afs_miniProfile%3AACoAAADzHHUB3mYYg_g2BulMAQy7urYto37KGSQ
64,Grigory Yaroslavtsev,
65,Haikun Huang,
66,Hamza Mughal,
67,Huzefa Rangwala,https://www.linkedin.com/in/huzefarangwala?miniProfileUrn=urn%3Ali%3Afs_miniProfile%3AACoAAACGFIsB02c-cnOk3Nb4p05ZB9qxFcLjPAA
68,Ivan Avramovic,https://www.linkedin.com/in/ivan-avramovic764?miniProfileUrn=urn%3Ali%3Afs_miniProfile%3AACoAAAxWgicBjunYW4xke3bVEvGpPUy-o666qB8
69,Jessica Lin,https://www.linkedin.com/in/jessica-lin-bb31196?miniProfileUrn=urn%3Ali%3Afs_miniProfile%3AACoAAAEVwHcB6Sa6iXT0tNy-IjkRqqoRpiHfj04
70,Jinwei Ye,https://www.linkedin.com/in/jinwei-ye-3740662a?miniProfileUrn=urn%3Ali%3Afs_miniProfile%3AACoAAAYPMIgBOvCURPf2QTT0qwiTz6fbjFWWpPs
71,John Otten,
72,Jyh-Ming Lien,https://www.linkedin.com/in/jmlien?miniProfileUrn=urn%3Ali%3Afs_miniProfile%3AACoAAAMpeJ4BYlZzO7ABTz2eZ1ySQ1FGtmwsSFQ
73,Katherine Russell,
74,Kevin Andrea,https://www.linkedin.com/in/kevin-andrea-91611520?miniProfileUrn=urn%3Ali%3Afs_miniProfile%3AACoAAARJw-IB0FjDYTp41ScmPqo7opDhkuVBR4M
75,Kevin Moran,https://www.linkedin.com/in/drkpmoran?miniProfileUrn=urn%3Ali%3Afs_miniProfile%3AACoAAA-sQk4B0Ce1nJsKkId3dJlCv3HJm9qEQx4
76,Lannan Luo,
77,Lap Fai Yu,
78,Lishan Yang,https://www.linkedin.com/in/lishan-yang-78b667140?miniProfileUrn=urn%3Ali%3Afs_miniProfile%3AACoAACJE4ZsB78YrUtQ2zUE7wXEW-4JBrqgu3XU
79,Maha Shamseddine,
80,Mark Snyder,
81,Mingrui Liu,https://www.linkedin.com/in/mingrui-liu-447a2aab?miniProfileUrn=urn%3Ali%3Afs_miniProfile%3AACoAABd3j_cBC2AQPH7ev6yIvduFaWWx-V_4M4Y
82,Parth Pathak,
83,Ping Deng,
84,Qiang Zeng,
85,Sanmay Das,https://www.linkedin.com/in/sanmaydas?miniProfileUrn=urn%3Ali%3Afs_miniProfile%3AACoAAAdFTZQBiU0iAT7ctwQBUg2iMP6b0Pq4C0I
86,Sara-Lynn Gopalkrishna,https://www.linkedin.com/in/sara-lynn-gopalkrishna-7129b651?miniProfileUrn=urn%3Ali%3Afs_miniProfile%3AACoAAAsBI34BMqbhHBW5hVApZaShoeevQrKPMGs
87,Seyed Mohammad Sina Ahmadi,
88,Shahnaz Kamberi,https://www.linkedin.com/in/shahnazkamberi?miniProfileUrn=urn%3Ali%3Afs_miniProfile%3AACoAAAB1INYBRU0l2szWQDJvJsBUHC29r-0wX6o
89,Shuochao Yao,
90,Shvetha Soundararajan,https://www.linkedin.com/in/shvethas?miniProfileUrn=urn%3Ali%3Afs_miniProfile%3AACoAAAD9wlgBYUBx3DjsSTqP-Nk7EFzB3lMGLl0
91,Songqing Chen,https://www.linkedin.com/in/songqing-chen-87286160?miniProfileUrn=urn%3Ali%3Afs_miniProfile%3AACoAAAzw0ZYBcxHxhbioCmUB9Pt1-AzvUt6HumM
92,Thanhvu Nguyen,
93,Wassim Itani,https://www.linkedin.com/in/wassimitani?miniProfileUrn=urn%3Ali%3Afs_miniProfile%3AACoAAAHkncoBX6tzz2O7WL_-rFCCYUtouDvpqkU
94,Wassim Masri,https://www.linkedin.com/in/wassim-wes-masri-7140732a?miniProfileUrn=urn%3Ali%3Afs_miniProfile%3AACoAAAYPb0ABd2oi0oDRcxFfkf-0MIJ_Fb4xxhg
95,Wing Lam,https://www.linkedin.com/in/mike-man-kit-lam-731078137?miniProfileUrn=urn%3Ali%3Afs_miniProfile%3AACoAACFKoRUBfWQRTyZ2ksl99PDVfMCALLXF_Wk
96,Xiaokuan Zhang,
97,Xinyuan Wang,https://www.linkedin.com/in/xinyuan-wang-98b7a360?miniProfileUrn=urn%3Ali%3Afs_miniProfile%3AACoAAAzuV7sB7mn2YSMberghCcXEuAvYjUaZ9EY
98,Xuesu Xiao,https://www.linkedin.com/in/xiaoxuesu?miniProfileUrn=urn%3Ali%3Afs_miniProfile%3AACoAACGgWyQB-H1QkzhCrUlwTCaFhucg-v7mmh0
99,Yotam Gingold,
100,Yutao Zhong,
101,Ziwei Zhu,https://www.linkedin.com/in/ziwei-z-a47bb68b?miniProfileUrn=urn%3Ali%3Afs_miniProfile%3AACoAABM4nVcBaN-7Zq6GxcmaSyslVZg5ZERSdjk
102,Ziyu Yao,https://www.linkedin.com/in/ziyu-yao?miniProfileUrn=urn%3Ali%3Afs_miniProfile%3AACoAABYsPeYBRMI9SeKn-BZ0CfW5h42P_ZxWp-Y
103,Daniel Garrison,
104,Aditya Johri,https://www.linkedin.com/in/ajohri?miniProfileUrn=urn%3Ali%3Afs_miniProfile%3AACoAAAANmLIBSqGrkphcEWiLjCKPggmNqZ8_yNA
105,Ebrima Ceesay,https://www.linkedin.com/in/ebrima?miniProfileUrn=urn%3Ali%3Afs_miniProfile%3AACoAAAD4FYYBRMK6R2crXzTpzR3KXudAH6X6d4U
106,Joy Hughes,
107,Kun Sun,https://www.linkedin.com/in/kun-sun-0b526913?miniProfileUrn=urn%3Ali%3Afs_miniProfile%3AACoAAAK1K0kBvFdNHVecp4bt7vbD_BojhIison4
108,Michael Eagle,
109,Duoduo Liao,
110,Emanuela Marasco,https://www.linkedin.com/in/emanuela-marasco-ph-d-36527024?miniProfileUrn=urn%3Ali%3Afs_miniProfile%3AACoAAAUFkP0BwuDtLsp_Ai462aYFqW89N8awH98
111,Gene Shuman,https://www.linkedin.com/in/geneshuman?miniProfileUrn=urn%3Ali%3Afs_miniProfile%3AACoAAADYJBABXcgU-_7QWhoiXaqpwha-_cMYVXw
112,Hadi Rezazad,https://www.linkedin.com/in/hadi-rezazad-8704901?miniProfileUrn=urn%3Ali%3Afs_miniProfile%3AACoAAAA_ndQBWV80MwxxTx_W5xCdI42p1lkspy4
113,Harry Foxwell,https://www.linkedin.com/in/harry-j-foxwell-phd-22047a1?miniProfileUrn=urn%3Ali%3Afs_miniProfile%3AACoAAAA_O7gBM5ECi_vXwNHfZ-iTW4swm0J4358
114,Hemant Purohit,https://www.linkedin.com/in/purohithemant?miniProfileUrn=urn%3Ali%3Afs_miniProfile%3AACoAAAPRcxoBFYapz5LRfrCpT_qp2JgfAGrhYKs
115,Hoda Hassan,https://www.linkedin.com/in/hoda-hassan-1a3b5217?miniProfileUrn=urn%3Ali%3Afs_miniProfile%3AACoAAAONF4sBQ5WKHhYeLeiYs96FyIlwMLVRxys
116,Humaira Akhtari,https://www.linkedin.com/in/humaira-akhtari-mcs-168714125?miniProfileUrn=urn%3Ali%3Afs_miniProfile%3AACoAAB7lUOAB0xXdrqx6QsLf7i9pGjgcjLTqWt4
117,Ioulia Rytikova,https://www.linkedin.com/in/iouliarytikova?miniProfileUrn=urn%3Ali%3Afs_miniProfile%3AACoAABbIdscBI0usCXES42hB-wZ50SNDhv780U0
118,Irina Hashmi,https://www.linkedin.com/in/irina-hashmi-758b9923?miniProfileUrn=urn%3Ali%3Afs_miniProfile%3AACoAAAT7DfQB-7aSPjPGjEKrUWoPz35idJSqaSo
119,Jianli Pan,https://www.linkedin.com/in/jianli-pan-87a2311a?miniProfileUrn=urn%3Ali%3Afs_miniProfile%3AACoAAAPy9p4BAwPmGVYdi0TblOUN2ABKasN9YiQ
120,John McLaughlin,
121,Kevin Lybarger,
122,Khondkar Islam,https://www.linkedin.com/in/khondkar-islam-1527062?miniProfileUrn=urn%3Ali%3Afs_miniProfile%3AACoAAAB13U4BYDNgYRflMyOOVz5gh0fb7qlG0dw
123,Lei Yang,https://www.linkedin.com/in/lei-yang-b4121a109?miniProfileUrn=urn%3Ali%3Afs_miniProfile%3AACoAABtDQuEB5bkUdyjhJi-5od6HWy9aEWqvzW8
124,Mahdi Hashemi,
125,Marcos Eduardo Zampieri de Marco,
126,Massimiliano Albanese,https://www.linkedin.com/in/massimilianoalbanese?miniProfileUrn=urn%3Ali%3Afs_miniProfile%3AACoAAAEjdHkBirK0py-Bv8gQeAESYjbL4c2-wp8
127,Michael Lyons,https://www.linkedin.com/in/lyonsmc?miniProfileUrn=urn%3Ali%3Afs_miniProfile%3AACoAAAeNl9gBito4jk1pJSBsyTxxA9Ia4gqWoD8
128,Mihai Boicu,https://www.linkedin.com/in/mihaiboicu?miniProfileUrn=urn%3Ali%3Afs_miniProfile%3AACoAAAO9J9UBOVCHrjmE4IetsDf224YtNkxRn8U
129,Myeong Lee,https://www.linkedin.com/in/myeonglee?miniProfileUrn=urn%3Ali%3Afs_miniProfile%3AACoAAAx0jJwBRnNbeFsqQdNdIr3q3rsSHvFrQDg
130,Nora McDonald,https://www.linkedin.com/in/noramcdonald?miniProfileUrn=urn%3Ali%3Afs_miniProfile%3AACoAADNpMloBfHovqJQwxzTQWHHh5JAWtm_K584
131,Olcay Ciftci,https://www.linkedin.com/in/olcay-ciftci-ph-d-61a9397a?miniProfileUrn=urn%3Ali%3Afs_miniProfile%3AACoAABDePzYB673hVxY76lR3FZb8_8dotveZ5Os
132,Omoche Agada,https://www.linkedin.com/in/omoche-cheche-agada?miniProfileUrn=urn%3Ali%3Afs_miniProfile%3AACoAABiAg_oBOUt7IBVPxUvLbvj9E04FddaJb2w
133,Ozlem Uzuner,https://www.linkedin.com/in/ozlem-uzuner-1022292?miniProfileUrn=urn%3Ali%3Afs_miniProfile%3AACoAAABjl1IBcQBjtQmFXibG_2gSW1rRfrSf8HQ
134,Pouyan Ahmadi,
135,Riki Morikawa,https://www.linkedin.com/in/riki-morikawa-ph-d-02680b85?miniProfileUrn=urn%3Ali%3Afs_miniProfile%3AACoAABIYel4BJYzs2F054Ng9VTUWuH1Q23Dok2g
136,Sadegh Torabi,https://www.linkedin.com/in/sadegh-torabi?miniProfileUrn=urn%3Ali%3Afs_miniProfile%3AACoAABRNQAkBtOGwAFFaKdAeRwvB3-zrZW2hkXk
137,Scott Lewis,https://www.linkedin.com/in/scott-melville-800b5415?miniProfileUrn=urn%3Ali%3Afs_miniProfile%3AACoAAAMyCIABCrujZFgXEG5qZcTcTthseM4dm3M
138,Sharmin Sultana,https://www.linkedin.com/in/sharmin-sultana-081629126?miniProfileUrn=urn%3Ali%3Afs_miniProfile%3AACoAAB8PhyEBJGNapaqcUuGDJ7IOjGVEqIGK6pw
139,Sherif Hashem,
140,Sungsoo Hong,
141,Vivian Genaro Motti,
142,Xiaonan Guo,
143,Ye Wang,https://www.linkedin.com/in/ye-wang-8349705a?miniProfileUrn=urn%3Ali%3Afs_miniProfile%3AACoAAAyZx6gBp7tnrprGVLpVgyJisFfIQVcXZrY
144,Zhisheng Yan,https://www.linkedin.com/in/zhisheng-yan-358a0797?miniProfileUrn=urn%3Ali%3Afs_miniProfile%3AACoAABSd2TQB6-8f25lNgIztlK2jXfTqvcR5hhU
145,Aiyoub Abbaspour,https://www.linkedin.com/in/aiyoub-abbaspour?miniProfileUrn=urn%3Ali%3Afs_miniProfile%3AACoAAAiuFWkBdQdffAJJrmpWkaWQ8OIlae79Xpo
146,Andre De Souza De Lima,
147,Burak Tanyu,https://www.linkedin.com/in/burak-tanyu-92296a76?miniProfileUrn=urn%3Ali%3Afs_miniProfile%3AACoAABAo-qoB6zeIs8pF7kwt1in0gWRplT8P1FU
148,Celso Moller Ferreira,
149,David Binning,
150,David Lattanzi,https://www.linkedin.com/in/david-lattanzi-662b406?miniProfileUrn=urn%3Ali%3Afs_miniProfile%3AACoAAAE8a6oBfQekH7Bwam-hK4oLOUJmNMs3Me0
151,Doaa Hussien Bondok,
152,Mohan Venigalla,https://www.linkedin.com/in/mohan-venigalla-5208077?miniProfileUrn=urn%3Ali%3Afs_miniProfile%3AACoAAAFdgigB_cLVGbWKIr5FZKyrH62QzBDT_WM
153,Wenying Ji,https://www.linkedin.com/in/wenying-ji-1a5b0215?miniProfileUrn=urn%3Ali%3Afs_miniProfile%3AACoAAAMwYo0BDW_qROv4SjdXuYMjYpiqFYNxqbE
154,Elise Miller,https://www.linkedin.com/in/elise-miller-hooks?miniProfileUrn=urn%3Ali%3Afs_miniProfile%3AACoAAAE9qbcBuRmfVcOXVhCTtB6P2FlztPCbkAA
155,Girum Urgessa,https://www.linkedin.com/in/girum-urgessa-86561451?miniProfileUrn=urn%3Ali%3Afs_miniProfile%3AACoAAAryiM0BUYorbTaYa57-NggEJl0gtO6Aaw8
156,Kirin Furst,https://www.linkedin.com/in/kirin-furst?miniProfileUrn=urn%3Ali%3Afs_miniProfile%3AACoAABUEJakBlJSBciV_6CvBckvexhGnkPYFiNM
157,Kuo Tian,https://www.linkedin.com/in/kuo-tian-92193432?miniProfileUrn=urn%3Ali%3Afs_miniProfile%3AACoAAAbmnykB4cnSXaTXr1Ow0xv4wHsLalBChY0
158,Laura Kosoglu,https://www.linkedin.com/in/laurakosoglu?miniProfileUrn=urn%3Ali%3Afs_miniProfile%3AACoAAAMgI50BKnhZKWMh3_65AEQjwRh-I8b-h_E
159,Lucas Henneman,https://www.linkedin.com/in/lucas-henneman-88118427?miniProfileUrn=urn%3Ali%3Afs_miniProfile%3AACoAAAWK4-EB51Gtn73t1w2f96b2CiB2Uh99kdM
160,Ossama Salem,https://www.linkedin.com/in/ossama-sam-salem-4372661a?miniProfileUrn=urn%3Ali%3Afs_miniProfile%3AACoAAAP0COsBjDojLbMaLZ79DtQCUNXTygd9uQU
161,Shanjiang Zhu,https://www.linkedin.com/in/shanjiang-zhu-31157319?miniProfileUrn=urn%3Ali%3Afs_miniProfile%3AACoAAAPSGP0BVwFwmQvgZjdHtmbq7FhFhaJHLf0
162,Ting Zhang,https://www.linkedin.com/in/ting-zhang-ph-d-2977b76?miniProfileUrn=urn%3Ali%3Afs_miniProfile%3AACoAAAEvn9MBtokX1JrcxGHl-A_hHloyyxGC_Pc
163,Viviana Maggioni,https://www.linkedin.com/in/viviana-maggioni-146a611?miniProfileUrn=urn%3Ali%3Afs_miniProfile%3AACoAAABVdYYBh0_Xz3QtRDy--IVHJ0d5n5bVGy0
164,Yang Shen,https://www.linkedin.com/in/yangshen1991?miniProfileUrn=urn%3Ali%3Afs_miniProfile%3AACoAACaw988BL_dkbAae6BaMycAwzFYtJuKd6AA
165,Cameron Nowzari,https://www.linkedin.com/in/cameron-nowzari-42401034?miniProfileUrn=urn%3Ali%3Afs_miniProfile%3AACoAAAce01wBAJGg7Tn24TJiL-D_1tzwikngCgg
166,Craig Lorie,https://www.linkedin.com/in/craig-lorie-356a4a94?miniProfileUrn=urn%3Ali%3Afs_miniProfile%3AACoAABQWgXIBnmMf6fc6dVTBlAagrtulbvQ_rDI
167,Alok Berry,
168,Andrzej Manitius,
169,Bernd-Peter Paris,https://www.linkedin.com/in/peterparis?miniProfileUrn=urn%3Ali%3Afs_miniProfile%3AACoAAAGEb5wBVTP_lPo7gkswSS--8UbbFqd56CM
170,Bijan Jabbari,
171,Brian Mark,https://www.linkedin.com/in/brian-p-kouassi-06443b40?miniProfileUrn=urn%3Ali%3Afs_miniProfile%3AACoAAAibbYwBe2AM1LDTV3Qtcaov2uMzcF1FT-Y
172,Dimitrios Ioannou,
173,Jens-Peter Kaps,https://www.linkedin.com/in/jens-peter-kaps?miniProfileUrn=urn%3Ali%3Afs_miniProfile%3AACoAAAGzTbwBI1lFhnQi2MbP9TJENvMfMm7FCm8
174,Kathleen Wage,https://www.linkedin.com/in/kathleen-wage-119713b8?miniProfileUrn=urn%3Ali%3Afs_miniProfile%3AACoAABkFueUBlrqPBeB9jtT4H7Dtv0axwmZQ3Pg
175,Nathalia Peixoto,https://www.linkedin.com/in/nathalia-peixoto-3b19134?miniProfileUrn=urn%3Ali%3Afs_miniProfile%3AACoAAADY03UBE7XsZMvJRldJxdSE9lkwD0HudqI
176,Piotr Pachowicz,
177,Robert Elder,
178,V Mulpuri,
179,Yariv Ephraim,
180,Yue Wang,https://www.linkedin.com/in/yu-wang-cpa-6467712a?miniProfileUrn=urn%3Ali%3Afs_miniProfile%3AACoAAAYp9VYBxjLW2sFpPKMEb3n194oku2EUefI
181,Filipe Fernandes Veiga,
182,Jill Nelson,https://www.linkedin.com/in/jill-nelson-99232a2?miniProfileUrn=urn%3Ali%3Afs_miniProfile%3AACoAAABnbv4BtJAhDbREO1XnwhcaXktoz18FaN8
183,Kai Zeng,https://www.linkedin.com/in/kai-zeng-68890923?miniProfileUrn=urn%3Ali%3Afs_miniProfile%3AACoAAATwnIgBpEAddP3aa7oUAaBOwZBZvGM5Rpc
184,Khaled Khasawneh,https://www.linkedin.com/in/khaled-n-khasawneh-68b39846?miniProfileUrn=urn%3Ali%3Afs_miniProfile%3AACoAAAmq1ssBA2FazVRm8ubC2JB8sk3zOlVnFbw
185,Krzysztof Gaj,
186,Liang Zhang,
187,Liling Huang,
188,Maryam Parsa,https://www.linkedin.com/in/maryam-parsa-2302b25b?miniProfileUrn=urn%3Ali%3Afs_miniProfile%3AACoAAAyuEcQBC7q2aJ6O2csds1kAWU83DwCykEg
189,Monson Hayes,https://www.linkedin.com/in/monson-hayes-8a175214?miniProfileUrn=urn%3Ali%3Afs_miniProfile%3AACoAAAL1O3kBf_mV4TONDqe4RFnrDk7ifcDoyNM
190,Ningshi Yao,https://www.linkedin.com/in/ningshi-yao-799455173?miniProfileUrn=urn%3Ali%3Afs_miniProfile%3AACoAACkt2yUBHbuuwdqiRuYFg8OnEXVDuIcESzs
191,Pelin Kurtay,https://www.linkedin.com/in/pelin-kurtay-aksoy-2134004?miniProfileUrn=urn%3Ali%3Afs_miniProfile%3AACoAAADFcS8B96bOrT079o-cJ55ulTXwg5rc4KY
192,Ping Xu,https://www.linkedin.com/in/pingxu-1002?miniProfileUrn=urn%3Ali%3Afs_miniProfile%3AACoAABopEwoBcUs1ZYt8Pzwm6fbV6JMBY1iHtjc
193,Qiliang Li,https://www.linkedin.com/in/qiliangli?miniProfileUrn=urn%3Ali%3Afs_miniProfile%3AACoAAADbvbUBqGZgoNHBsYOODC1lf-6fLGXr-bk
194,Robert Osgood,https://www.linkedin.com/in/robert-osgood-b5a32114?miniProfileUrn=urn%3Ali%3Afs_miniProfile%3AACoAAALlEzYBvrMBqMSEXuCoUAdQr3lEU0fnwQo
195,Sai Manoj Pudukotai Dinakarrao,
196,Sai Manoj Pudukotai Dinakarrao,
197,Tolga Soyata,https://www.linkedin.com/in/tolga-soyata-3405244?miniProfileUrn=urn%3Ali%3Afs_miniProfile%3AACoAAADJ-uABTCofc7hEjf-Yjgnek5WmkmUqnuw
198,Weiwen Jiang,https://www.linkedin.com/in/weiwen-jiang-15356a165?miniProfileUrn=urn%3Ali%3Afs_miniProfile%3AACoAACdqdk8BbZn5lhX4qgj4IOyA3__pMIUx3L0
199,Xiang Chen,https://www.linkedin.com/in/xiang-chen-36219b36?miniProfileUrn=urn%3Ali%3Afs_miniProfile%3AACoAAAeAkToBQc6TLcutV0Xewad_HPzDRTV9Xp4
200,Xuan Wang,https://www.linkedin.com/in/xuan-wang-38819610a?miniProfileUrn=urn%3Ali%3Afs_miniProfile%3AACoAABtvb5gBK0-b0r3bZ64FwnUzE0T3kjtcMgk
201,Zhi Tian,https://www.linkedin.com/in/zhi-gerry-tian-30abb622?miniProfileUrn=urn%3Ali%3Afs_miniProfile%3AACoAAATOCToBpvznetCImlaVBT0vV2Dfln7LpS4
202,Ali Raz,https://www.linkedin.com/in/akraz?miniProfileUrn=urn%3Ali%3Afs_miniProfile%3AACoAAAtcXAkBveCewYlG1xsDbz7WUGn9qEdAj6k
203,Andrew Richardson,
204,Chun-Hung Chen,https://www.linkedin.com/in/chun-hung-chen-3589138?miniProfileUrn=urn%3Ali%3Afs_miniProfile%3AACoAAAGPEzQB3F332NeOdig1yRATPvveX4CsxMc
205,Hadi El Amine,https://www.linkedin.com/in/hadi-el-amine-43670412?miniProfileUrn=urn%3Ali%3Afs_miniProfile%3AACoAAAKYkWoBgsmF1rPHL8K4xD-i8thy9ArQiJg
206,John Shortle,https://www.linkedin.com/in/john-shortle-33a11532?miniProfileUrn=urn%3Ali%3Afs_miniProfile%3AACoAAAbHoJ4BlZMhGSv6vs3B7d7lt3a7ETLCDFw
207,Karla Hoffman,https://www.linkedin.com/in/karla-hoffman-5211965?miniProfileUrn=urn%3Ali%3Afs_miniProfile%3AACoAAADqoGkBBMqOnrAU24nzU6QpJJ7sp0pau1o
208,Kuo-Chu Chang,https://www.linkedin.com/in/kuo-chu-chang-1a20ba30?miniProfileUrn=urn%3Ali%3Afs_miniProfile%3AACoAAAZr_4oBqoT2BssVM_Qdjw-JqA8z8bY8F2Y
209,Lance Sherry,https://www.linkedin.com/in/lance-sherry-298aa8182?miniProfileUrn=urn%3Ali%3Afs_miniProfile%3AACoAACs7eZQBleZaj_0_cPwoHgpBHubmvxkdg1I
210,Matthew Amissah,https://www.linkedin.com/in/matthew-amissah-16188772?miniProfileUrn=urn%3Ali%3Afs_miniProfile%3AACoAAA9veBkBzmWjMe7qkEEPAk7-zoJQEgHSJbU
211,Ran Ji,https://www.linkedin.com/in/ranji11?miniProfileUrn=urn%3Ali%3Afs_miniProfile%3AACoAAAa5CngB4JtjkLY3xEkJkKd35icYIIJxWy8
212,Vadim Sokolov,https://www.linkedin.com/in/vadimsokolov?miniProfileUrn=urn%3Ali%3Afs_miniProfile%3AACoAAAJl56wBCVuN0hOa83PLw-LR5zU682Lkspg
213,Edward Huang,https://www.linkedin.com/in/edward-huang-5a85874a?miniProfileUrn=urn%3Ali%3Afs_miniProfile%3AACoAAApoVpABYim7kfqyyVsyNh1rGBQRe-JX2Fg
214,Janis Terpenny,https://www.linkedin.com/in/janis-terpenny-b7755b2?miniProfileUrn=urn%3Ali%3Afs_miniProfile%3AACoAAABwAcsBRvXPEj3cm46Wz-D8BlO7Bcs4Ubc
215,Jie Xu,https://www.linkedin.com/in/xu-jie-7697465?miniProfileUrn=urn%3Ali%3Afs_miniProfile%3AACoAAAD_1MEBZBB_AHvDOQFh_VHkbWlzZcichms
216,Paulo Costa,https://www.linkedin.com/in/paulocesarcosta?miniProfileUrn=urn%3Ali%3Afs_miniProfile%3AACoAAAChk8IBE-Y2zwXTh9j1RnHqXf9iM7Ey9zo
217,Rajesh Ganesan,https://www.linkedin.com/in/rajesh-ganesan-ba8a788?miniProfileUrn=urn%3Ali%3Afs_miniProfile%3AACoAAAGU67ABIkpd19WF7B0MW3DeWgec4lvQ7gY
218,Rochelle Jones,https://www.linkedin.com/in/rochelle-jones-3736711?miniProfileUrn=urn%3Ali%3Afs_miniProfile%3AACoAAABGl8cBtnKs4eBvd7kjBi4EJuTjBuCLORM
219,Shima Mohebbi,https://www.linkedin.com/in/shimamohebbi?miniProfileUrn=urn%3Ali%3Afs_miniProfile%3AACoAAAYfaIYBTtlvg0fGKjxjxWiGkfO8Z6pmwhI
220,Shou Matsumoto,
221,Songjun Luo,
222,Syed Abbas Zaidi,
223,Tianshu Feng,https://www.linkedin.com/in/tianshu-feng?miniProfileUrn=urn%3Ali%3Afs_miniProfile%3AACoAABkLV1IBy-V1QnFRN0wzCHglRvHk8JpQ16w
224,Ahmed Bashatah,https://www.linkedin.com/in/bashatah?miniProfileUrn=urn%3Ali%3Afs_miniProfile%3AACoAACR4lhkB0r_wS2wghxXI-DbgfGmwCcUUumM
225,Bengt Ljungquist,https://www.linkedin.com/in/bengt-ljungquist?miniProfileUrn=urn%3Ali%3Afs_miniProfile%3AACoAAAARhooBK6sVDaRGL1eTBfnsujlb2ybAMpo
226,Carolina Tecuatl Tolama,https://www.linkedin.com/in/carolina-tecuatl-tolama-43072a139?miniProfileUrn=urn%3Ali%3Afs_miniProfile%3AACoAACG-y-QBIF1lxfMbxhNyfb2Iyl-AP9nFleA
227,David Philippe Nicolas Lemonnier,
228,Diek Wheeler,https://www.linkedin.com/in/diekwheeler?miniProfileUrn=urn%3Ali%3Afs_miniProfile%3AACoAAADuJqYBoWMqZEWNUgolUctn6DDbTcSf-Bs
229,Caroline Hoemann,https://www.linkedin.com/in/caroline-hoemann-b7bb2b34?miniProfileUrn=urn%3Ali%3Afs_miniProfile%3AACoAAAdJNs8BpJwc8UnKORgCdaQPvlNRgZn2fwM
230,Giorgio Ascoli,
231,Juan Cebral,https://www.linkedin.com/in/juan-cebral-a700322?miniProfileUrn=urn%3Ali%3Afs_miniProfile%3AACoAAABcJnQBSoFQ9ayEYvQdacsGbBXvcgrGsjs
232,Kim Blackwell,https://www.linkedin.com/in/kblackwellacct?miniProfileUrn=urn%3Ali%3Afs_miniProfile%3AACoAABzmiQsBIzjVwIQz8Ol445k4K5k3C5lQr0I
233,Parag Chitnis,https://www.linkedin.com/in/parag-chitnis-3942596?miniProfileUrn=urn%3Ali%3Afs_miniProfile%3AACoAAAEay-ABioWv7Etj4FdjQKqjA2HgNgK476s
234,Vasiliki Ikonomidou,
235,Eugene Kim,https://www.linkedin.com/in/kim-eugene?miniProfileUrn=urn%3Ali%3Afs_miniProfile%3AACoAACtrmtUBNl-dWJy8s-D9inijFtDe3dzFfH8
236,Holger Dannenberg,https://www.linkedin.com/in/holger-dannenberg-ph-d-945b1a182?miniProfileUrn=urn%3Ali%3Afs_miniProfile%3AACoAACs8fcUBb1AyeeHU1cM69J9fWAXXrzzjk4k
237,Jair Feldens Ferrari,https://www.linkedin.com/in/jair-feldens-ferrari-phd?miniProfileUrn=urn%3Ali%3Afs_miniProfile%3AACoAAA7QtFEB4xvNij5XfBhJqD2yFIvZexUoNo4
238,Ketan Mehta,https://www.linkedin.com/in/ketan-mehta-672933?miniProfileUrn=urn%3Ali%3Afs_miniProfile%3AACoAAAAjNvYBInhRfVFOFgQ5zsXkTRJC6UCX7pk
239,Michael Girgis,https://www.linkedin.com/in/michael-girgis-6a256b80?miniProfileUrn=urn%3Ali%3Afs_miniProfile%3AACoAABErMBoBefX8bOnKi1qnK_GRzOYAD5GDd20
240,Nabilah Ibnat Baby,
241,Qi Wei,https://www.linkedin.com/in/qi-wei-6499a4237?miniProfileUrn=urn%3Ali%3Afs_miniProfile%3AACoAADsOpJkBn4bifvrOE8oyQca00VVzjto8N6w
242,Quentin Sanders,https://www.linkedin.com/in/quentin-sanders-457b08192?miniProfileUrn=urn%3Ali%3Afs_miniProfile%3AACoAAC1e3IMBomjxEmJydJBztXK6b46m42yLlNs
243,Remi Veneziano,https://www.linkedin.com/in/r%C3%A9mi-veneziano-32717783?miniProfileUrn=urn%3Ali%3Afs_miniProfile%3AACoAABGk5A8BYDb5smK4ZYjl4NmxRF7maFy5M44
244,Samuel Acuna,https://www.linkedin.com/in/samuelacunaphd?miniProfileUrn=urn%3Ali%3Afs_miniProfile%3AACoAAAhTtkgBj5AWTliiKCEaDdeWzqOB8M_6gN8
245,Shani Ross,https://www.linkedin.com/in/shani-ross-2523a355?miniProfileUrn=urn%3Ali%3Afs_miniProfile%3AACoAAAugM54BlS_8t1cjiQEz3L8CRo5l_SWdua8
246,Siddhartha Sikdar,https://www.linkedin.com/in/siddhartha-sikdar-b2603a1?miniProfileUrn=urn%3Ali%3Afs_miniProfile%3AACoAAAAuzM4BgRnfB4Wu0qkkUx96U7mTkC1uJXY
247,Suman Alishetty,https://www.linkedin.com/in/suman-alishetty-ph-d-69883421?miniProfileUrn=urn%3Ali%3Afs_miniProfile%3AACoAAASSgdQBAKR39BcXU2qt0-Z7e6kqKNkpGTM
248,Ali Beheshti,https://www.linkedin.com/in/ali-bagheri-khaligh-180640a5?miniProfileUrn=urn%3Ali%3Afs_miniProfile%3AACoAABZXXPABW2hbs4n1uP23CvNu8ryl4oRC8Y0
249,Amit Kumar Singh,https://www.linkedin.com/in/amit-kr-singh?miniProfileUrn=urn%3Ali%3Afs_miniProfile%3AACoAAA-vLxMBhHtM5xtkbuZDUi635gX_xMZh2_4
250,Charles White,
251,Colin Reagle,https://www.linkedin.com/in/colinreagle?miniProfileUrn=urn%3Ali%3Afs_miniProfile%3AACoAAAvCtQMBC0gYmfZbmHqW9XJRiULTe3unRP4
252,Colleen Berg,https://www.linkedin.com/in/colleen-berg-5b225229?miniProfileUrn=urn%3Ali%3Afs_miniProfile%3AACoAAAXozdYBcNx7iFRfQGmNtbTnwRi0MzbKLn0
253,Daigo Shishika,https://www.linkedin.com/in/daigo-shishika-89a90493?miniProfileUrn=urn%3Ali%3Afs_miniProfile%3AACoAABPju_YBn-ZHWo3tl4Enx3WLxozjfjb7YgM
254,Shaghayegh Bagheri,
255,Jeffrey Moran,
256,Leigh McCue-Weil,
257,Mehdi Amiri Darehbidi,
258,Nathan Kathir,https://www.linkedin.com/in/nathankathir?miniProfileUrn=urn%3Ali%3Afs_miniProfile%3AACoAADPkqXgBSMDcloj0UDQIsokqNdbrpuwIse4
259,Pei Dong,https://www.linkedin.com/in/pei-dong-79700719?miniProfileUrn=urn%3Ali%3Afs_miniProfile%3AACoAAAO9A6MBmyGe705g8tOQRv54gxNgjdcE6BQ
260,Pilgyu Kang,https://www.linkedin.com/in/pilgyu-kang-695a1041?miniProfileUrn=urn%3Ali%3Afs_miniProfile%3AACoAAAje3NEBTtLPcP83gEVVKsH5G7AlNVErhHw
261,Robert Handler,
262,Van Jones,
263,Zelalem Eshete,
264,Bernard Schmidt,https://www.linkedin.com/in/bernard-schmidt-75302ab?miniProfileUrn=urn%3Ali%3Afs_miniProfile%3AACoAAAH2Ga8BX9EEsVp2i3Kz-P-WFG8rHFVk-Hs
265,F Berlin,
266,Isaac Gang,https://www.linkedin.com/in/isaacgang?miniProfileUrn=urn%3Ali%3Afs_miniProfile%3AACoAAALHMSwBL3xAXjPVIy3QbJriqC5hzzeDTWA
267,James Baldo,https://www.linkedin.com/in/james-baldo-jr-ph-d-9054a559?miniProfileUrn=urn%3Ali%3Afs_miniProfile%3AACoAAAxaUNUB754jSNrtaB72QjbHBAR7D5YBgf4
268,Cong Wang,https://www.linkedin.com/in/cong-wang-b0450b223?miniProfileUrn=urn%3Ali%3Afs_miniProfile%3AACoAADgjfHQBDfg8SNjjdj3rdh9VCyPnJtDwHRI
269,Duminda Wijesekera,https://www.linkedin.com/in/duminda-wijesekera-a392781?miniProfileUrn=urn%3Ali%3Afs_miniProfile%3AACoAAAA3ms0BreAv4SQuVlzNsFUwm7M0epmmD4c
270,Peggy Brouse,https://www.linkedin.com/in/peggy-brouse-6939079?miniProfileUrn=urn%3Ali%3Afs_miniProfile%3AACoAAAG8bw8BsfeT63D4qbTmgpq2p5tR8or55T4
271,Henry Coffman,https://www.linkedin.com/in/nathan-coffman-420000178?miniProfileUrn=urn%3Ali%3Afs_miniProfile%3AACoAACoAwlgBt8oCoh5VhnObY0tGxWgSme7pnoA
272,Linghan Zhang,https://www.linkedin.com/in/linghan-zhang-4b3258201?miniProfileUrn=urn%3Ali%3Afs_miniProfile%3AACoAADN49ccBv-qQrR2mn2bBk3uBAXwF1v0PG6c
273,Md Tanvir Arafin,
274,Mingkui Wei,https://www.linkedin.com/in/mingkuiwei?miniProfileUrn=urn%3Ali%3Afs_miniProfile%3AACoAAAf-iKEBS2jdgurDoteyopJ-ZhXR3miRYgM
275,Mohamed Gebril,
276,Mohamed Ibrahem,
277,Moinul Hossain,https://www.linkedin.com/in/moinul-hossain?miniProfileUrn=urn%3Ali%3Afs_miniProfile%3AACoAAAbdZ_wBX_gV34_ijDoWfAhDKe0Ohtbn9jo
278,Naveen Naik Sapavath,
279,Vijay Shah,https://www.linkedin.com/in/vksh224?miniProfileUrn=urn%3Ali%3Afs_miniProfile%3AACoAAAhb8dgBNv2B8v6VZ-ba52iV1CT8ROy423A
280,Bo Yu,https://www.linkedin.com/in/bo-yu-b521b616?miniProfileUrn=urn%3Ali%3Afs_miniProfile%3AACoAAAM7le4BMj7eU5KL8q8iuHqzRot4kr6mUIc
281,Michael Hieb,https://www.linkedin.com/in/michael-hieb-1219a57?miniProfileUrn=urn%3Ali%3Afs_miniProfile%3AACoAAAFkaGkBl_80_kCkB-fMNE6CqSC5IpBLCVU
282,Nicholas Clark,https://www.linkedin.com/in/nicholas-beaudoin-805ba738?miniProfileUrn=urn%3Ali%3Afs_miniProfile%3AACoAAAgB4cUBvvmWzEJkTGy-ANiPu3jk0PG6YqE
283,Sherry Crissman,https://www.linkedin.com/in/sherry-jo-crissman-edd-323a98ba?miniProfileUrn=urn%3Ali%3Afs_miniProfile%3AACoAABlu6MsByy-4E-FAMe2pN1n5J132O5jg4Fs
284,William Roeting,
285,Dorin Marcu,https://www.linkedin.com/in/dorin-marcu-22aa0a241?miniProfileUrn=urn%3Ali%3Afs_miniProfile%3AACoAADwgzMIBj4nm9ysyRkDOUXqmfFFGajZu7ZI
286,Itamara Lochard,https://www.linkedin.com/in/itamara?miniProfileUrn=urn%3Ali%3Afs_miniProfile%3AACoAAAGAmQwBWkRuQbnvggaau6AljaSJWv3ccag
287,Angelis Pseftis,
288,Charles MacDonough,
289,Desiree Giangregorio,https://www.linkedin.com/in/desiree-giangregorio?miniProfileUrn=urn%3Ali%3Afs_miniProfile%3AACoAABoRaocBpY_1S5C7ZKS2ZoyxR5z-ojGufsc
290,Devlon Alexander,https://www.linkedin.com/in/devlonalexander?miniProfileUrn=urn%3Ali%3Afs_miniProfile%3AACoAAArmXy8BbrfXUfnsoXshv6wckaLbplNFveA
291,Eric Vollmecke,https://www.linkedin.com/in/cyber-security-expert-dod?miniProfileUrn=urn%3Ali%3Afs_miniProfile%3AACoAAADV7xgBpdqudoOZow5rvqQnkTwcvTPnR64
292,Graham Archer,https://www.linkedin.com/in/graham-archer-150a7218?miniProfileUrn=urn%3Ali%3Afs_miniProfile%3AACoAAAO3fUwBZg7ux-S7gouEILSVNhqxIKbTlRc
293,Joseph King,https://www.linkedin.com/in/cheyennekng?miniProfileUrn=urn%3Ali%3Afs_miniProfile%3AACoAABan0isB-SVHhuBeD8CSvj26IHt-IQXjxHQ
294,Joseph Cheney,
295,Krishnan Raghavan,
296,Marc Doran,https://www.linkedin.com/in/marc-doran-b0b13011?miniProfileUrn=urn%3Ali%3Afs_miniProfile%3AACoAAAJVFTsBRCtchdQT4Bz_s1xnrGP6k0SEeD8
297,Mark DelVecchio,
298,Michael Pastika,
299,Russell Hansen,https://www.linkedin.com/in/russhansen?miniProfileUrn=urn%3Ali%3Afs_miniProfile%3AACoAAADfmXsBnCNylmoQ-E-07Ng6fsvpB-IROaM
300,Sandra Peake,https://www.linkedin.com/in/sandra-peake-53a61a231?miniProfileUrn=urn%3Ali%3Afs_miniProfile%3AACoAADnvL34BwNYD6Sog9HFBfSFhQNzpOMqYTZw
301,Stone Bond,https://www.linkedin.com/in/stonedavis?miniProfileUrn=urn%3Ali%3Afs_miniProfile%3AACoAAACSOFcBlP-TYjiVr0_fcRK1dCkg9QyKu8A
302,Susan Schleigh,
303,Traci Johnson,https://www.linkedin.com/in/traci-johnson-7a59075a?miniProfileUrn=urn%3Ali%3Afs_miniProfile%3AACoAAAyXv60BRSavItcapJZo21pZoyMao4Xh_0g
304,Joseph Kobsar,
305,Robert Latiff,https://www.linkedin.com/in/robert-latiff-47558623?miniProfileUrn=urn%3Ali%3Afs_miniProfile%3AACoAAATj3xkBA4Y5AHmHAsEWdYW5-riduO7Kots
