,Name,Description_Title,similar_area,area_score
0,giacomo francisci,nan,"['cybersecurity', 'biomaterials nanomedicine', 'neuroengineering', 'artificial intelligence', 'autonomous systems', 'computer engineering', 'computer networks communications', 'data analytics', 'electrical engineering', 'human centered computing']","[1.0, 1.0, 1.0, 0.0, 0.0, 0.0, 0.0, 0.0, 0.0, 0.0]"
1,david kepplinger,  david be an assistant professor of statistic . he receive his phd in statistic from the university of british columbia and a master of science in statistic from the vienna university of technology ( austria ) . his research primarily revolve around robust estimation in high - dimensional setting and application in the life science . david be particularly interested in the robustness of feature selection in the presence of arbitrary contamination as well as counter the effect of contamination on predictive model . he teach categorical datum analysis ( stat665 ) for the department . he serve as a coâorganizer for the statistics seminar series and pr & communication contact for the department .,"['autonomous systems', 'biomedical imaging devices', 'design results clinical studies', 'computational biomedicine', 'software engineering', 'multiscale transport engineering', 'statistical modeling', 'bioinformatics biostatistics computational biology', 'geotechnical engineering', 'electrical engineering']","[0.1658902332014283, 0.16067560208171103, 0.15148641040427896, 0.10948196824072454, 0.08847479104076177, 0.08110189178736493, 0.07741544216066654, 0.07554973565193743, 0.0716727723851245, 0.06520198622764671]"
2,ilhan izmirli,"  ilhan izmirli grow up surround by book and a profound sense of deference for education , a practice , which , accord to oscar wilde ( 1854 â 1900 ) , âmake one rogue cleverer than another.â to izmirli , the pursuit of knowledge be at once esoteric and abstract for the sole purpose of attain intellectual maturity , cultural sensitivity , and social consciousness . as he continue academic study , he be equally attract to literature , mathematic , music , and physics and be have a hard time decide which one of these discipline to study in college . before graduate from high school , izmirli be expose to the vast universality of mathematic . the infiniteness that arise from relatively simple situation leave he enthral with serious computation . inspire by his first encounter with tessellation of planar mathematic and its application in natural study , izmirli have devote his research to mathematic and statistic education ; philosophy of mathematic ; philosophy of science ; history of mathematic ; relation between mathematic and other discipline such as physics , philosophy , and music ; and chaos theory . he have present numerous paper on these and related topic in international conference throughout the world . research interest apply probability , mathematics education , statistic education , history of mathematic , history of statistic , foundation of mathematic","['autonomous systems', 'biomedical imaging devices', 'applied probability statistics', 'design results clinical studies', 'multiscale transport engineering', 'computational biomedicine', 'visual computing', 'bioinformatics biostatistics computational biology', 'software engineering', 'geotechnical engineering']","[0.18279855642941356, 0.15175922164473118, 0.15165571414947138, 0.14665696546786167, 0.1462388451435308, 0.10340647907388009, 0.07992011980034935, 0.07992011980034935, 0.07311942257176543, 0.07108020265573839]"
3,jason goldberg,nan,"['cybersecurity', 'biomaterials nanomedicine', 'neuroengineering', 'artificial intelligence', 'autonomous systems', 'computer engineering', 'computer networks communications', 'data analytics', 'electrical engineering', 'human centered computing']","[1.0, 1.0, 1.0, 0.0, 0.0, 0.0, 0.0, 0.0, 0.0, 0.0]"
4,kenneth pasiah,"  kenneth pasiahâs research interest include random number generation and apply statistic . pasiah 's most exciting research project be search for large - order multiple recursive generator ( mrg ) . the goal of his project be to create an efficient method to accelerate the computer search of large - order mrg . throughout his research , he find that generator could be use for large scale simulation . he serve in many area of the statistics department and dean 's office , support academic preparation , become a mentor and engage with the department . he have a passion for teaching and will start in spring 2022.â    research interestsgeneration of random number apply statistic","['data analytics', 'applied probability statistics', 'autonomous systems', 'design results clinical studies', 'optimization techniques', 'theory computation', 'visual computing', 'multiscale transport engineering', 'biomedical imaging devices', 'stochastic modeling']","[0.20151708874395136, 0.17185435071243021, 0.14810869536178287, 0.1317358420292073, 0.08078656110642701, 0.07428018440762048, 0.07358363681855504, 0.07181027653904623, 0.0698634804181292, 0.0685575058158106]"
5,saad karamat,nan,"['cybersecurity', 'biomaterials nanomedicine', 'neuroengineering', 'artificial intelligence', 'autonomous systems', 'computer engineering', 'computer networks communications', 'data analytics', 'electrical engineering', 'human centered computing']","[1.0, 1.0, 1.0, 0.0, 0.0, 0.0, 0.0, 0.0, 0.0, 0.0]"
6,ana gonzalez hernandez,nan,"['cybersecurity', 'biomaterials nanomedicine', 'neuroengineering', 'artificial intelligence', 'autonomous systems', 'computer engineering', 'computer networks communications', 'data analytics', 'electrical engineering', 'human centered computing']","[1.0, 1.0, 1.0, 0.0, 0.0, 0.0, 0.0, 0.0, 0.0, 0.0]"
7,jana kosecka,nan,"['cybersecurity', 'biomaterials nanomedicine', 'neuroengineering', 'artificial intelligence', 'autonomous systems', 'computer engineering', 'computer networks communications', 'data analytics', 'electrical engineering', 'human centered computing']","[1.0, 1.0, 1.0, 0.0, 0.0, 0.0, 0.0, 0.0, 0.0, 0.0]"
8,robert simon,"robert simon be a teaching and research professor in the department of computer science at george mason university 's college of engineering and computing . his research specialization be in the field of network , mobile and wireless computing , performance modeling , and simulation . he teach undergraduate and graduate course in these area .","['data analytics', 'autonomous systems', 'computational biomedicine', 'biomedical imaging devices', 'visual computing', 'multiscale transport engineering', 'design results clinical studies', 'education', 'software engineering', 'human centered computing']","[0.1507556722888818, 0.12087344460380704, 0.08547043234472845, 0.08362420100070908, 0.08257228238447703, 0.08058229640253803, 0.06898644619872629, 0.060914490387317256, 0.060436722301903514, 0.05838742081211421]"
9,sean luke,"  sean luke be the head of the george mason university autonomous robotic laboratory . he have teach at george mason university since 2000 . his area of interest and expertise include stochastic optimization and metaheuristic , evolutionary computation , multi - agent system and multi - agent learning , autonomous robotic and robot swarm , and simulation development . he be the author of essential of metaheuristic , and of several very widely use open - source software package , include the mason multi - agent simulator and the ecj evolutionary computation toolkit .","['autonomous systems', 'biomedical imaging devices', 'multiscale transport engineering', 'education', 'visual computing', 'design results clinical studies', 'computational biomedicine', 'environmental water resources engineering', 'bioinformatics biostatistics computational biology', 'computer networks communications']","[0.13363062095621217, 0.08320502943378437, 0.07126966450997982, 0.060609152673132646, 0.05477225575051661, 0.052297636036849074, 0.03779644730092272, 0.037267799624996496, 0.03651483716701107, 0.034412360080584264]"
10,zoran duric,zoran duric be the program coordinator for the master of computer science degree . he have teach at george mason university since 1995 . his main research interest be apply computer vision and video image processing to analyze movement of human and vehicle . he be a deputy editor of pattern recognition journal and a member of the editorial board of ieee transaction on intelligent transportation system .,"['autonomous systems', 'biomedical imaging devices', 'computational biomedicine', 'software engineering', 'human centered computing', 'multiscale transport engineering', 'simulation', 'visual computing', 'bioinformatics biostatistics computational biology', 'applied probability statistics']","[0.1853123291652753, 0.15384615384615385, 0.1310356045902398, 0.09265616458263765, 0.0895143592549291, 0.08647908694379514, 0.07862136275414389, 0.07595545253127499, 0.07595545253127499, 0.07391404949863534]"
11,erion plaku,nan,"['cybersecurity', 'biomaterials nanomedicine', 'neuroengineering', 'artificial intelligence', 'autonomous systems', 'computer engineering', 'computer networks communications', 'data analytics', 'electrical engineering', 'human centered computing']","[1.0, 1.0, 1.0, 0.0, 0.0, 0.0, 0.0, 0.0, 0.0, 0.0]"
12,fang yi yu,nan,"['cybersecurity', 'biomaterials nanomedicine', 'neuroengineering', 'artificial intelligence', 'autonomous systems', 'computer engineering', 'computer networks communications', 'data analytics', 'electrical engineering', 'human centered computing']","[1.0, 1.0, 1.0, 0.0, 0.0, 0.0, 0.0, 0.0, 0.0, 0.0]"
13,gregory stein,"  greg stein want to bring about a future in which robot act more intelligently in a dynamic and uncertain world and engender trust in the human with whom they share it . even as robot have start to populate our world , they be limit in the type of thing they can do and struggle to accomplish even simple task in place that they 've never be before . greg 's research be devote to change how robot think about uncertainty so that they can make prediction about their surrounding from experience and understand the role their action play in shape their environment . his work so farânominated for good paper and award good oral presentation at the 2018 conference on robot learningâhas predominantly focus on effective navigation in previously - unseen building , and he be work on expand his research to improve home - care robotic and self - drive vehicle . his ongoing work be devote to imbue autonomous agent with the ability to well explain their decision - making when face with uncertainty , a critical capability if robot be to realize their full potential and safely operate alongside people . greg believe that effective communication and mentorship be critical component of a successful research lab . as a graduate student , he be an active member of the community , and his work as a volunteer communication advisor and as a wellness coach help he to become an effective communicator and to cope with the challenge of graduate school , experience he work to pass along to his student .","['design results clinical studies', 'autonomous systems', 'biomedical imaging devices', 'applied probability statistics', 'multiscale transport engineering', 'multiscale tribology contact mechanics', 'data analytics', 'systems engineering', 'human centered computing', 'transportation']","[0.15483397620843253, 0.10334847786576036, 0.10054667253219725, 0.09790173319603053, 0.0904299181325403, 0.07324134932407106, 0.07250523667842476, 0.05687778717860789, 0.049922057629931786, 0.047047610133585424]"
14,haikun huang,nan,"['cybersecurity', 'biomaterials nanomedicine', 'neuroengineering', 'artificial intelligence', 'autonomous systems', 'computer engineering', 'computer networks communications', 'data analytics', 'electrical engineering', 'human centered computing']","[1.0, 1.0, 1.0, 0.0, 0.0, 0.0, 0.0, 0.0, 0.0, 0.0]"
15,jyh ming lien,"jyh - ming lien be an affiliate of the motion and shape computing ( masc ) group and the autonomous robotic laboratory at george mason university . he have teach at george mason university since 2007 . his research goal be to develop efficient , robust and practical algorithm for designing , manipulate and analyze shape , structure and motion . his research find application in the area of robotic , computational geometry , and computer graphic .","['data analytics', 'computational fluid dynamics', 'autonomous systems', 'multiscale transport engineering', 'structural engineering', 'systems engineering', 'software engineering', 'design results clinical studies', 'construction engineering management', 'multiscale tribology contact mechanics']","[0.1270001270001905, 0.12361284651454937, 0.11879774082787287, 0.10182663499531958, 0.09459544766274562, 0.0747203222080077, 0.06788442333021306, 0.06641806418489574, 0.06549531463278077, 0.06414475072384818]"
16,lannan lisa luo,nan,"['cybersecurity', 'biomaterials nanomedicine', 'neuroengineering', 'artificial intelligence', 'autonomous systems', 'computer engineering', 'computer networks communications', 'data analytics', 'electrical engineering', 'human centered computing']","[1.0, 1.0, 1.0, 0.0, 0.0, 0.0, 0.0, 0.0, 0.0, 0.0]"
17,lap fai craig yu,"ph.d . , university of california , los angeles , 2013 computer graphic , computer vision , human - computer interaction , game design , virtual reality","['computational biomedicine', 'simulation', 'biomedical imaging devices', 'visual computing', 'bioinformatics biostatistics computational biology', 'software engineering', 'human centered computing', 'multiscale tribology contact mechanics', 'computational fluid dynamics', 'autonomous systems']","[0.1636634176769943, 0.1636634176769943, 0.16012815380508716, 0.15811388300841897, 0.15811388300841897, 0.1543033499620919, 0.14907119849998599, 0.1458029608799511, 0.1404878717372541, 0.11572751247156893]"
18,maha shamseddine,nan,"['cybersecurity', 'biomaterials nanomedicine', 'neuroengineering', 'artificial intelligence', 'autonomous systems', 'computer engineering', 'computer networks communications', 'data analytics', 'electrical engineering', 'human centered computing']","[1.0, 1.0, 1.0, 0.0, 0.0, 0.0, 0.0, 0.0, 0.0, 0.0]"
19,sara lynn gopalkrishna,"  sara gopalkrishna be a teach professor of computer science at george mason university . she hold an edd in education policy from the george washington university where her focus be on cs implementation in high school . she also complete an ma in secondary math education from columbia universityâs teachers college and an ms in cs from portland state university . before come to mason , dr . gopalkrishna teach both high school and university cs . she be , also , a software engineer at a start - up and a journal editor at the national council of teacher of mathematic . dr . gopalkrishna be passionate about demystify cs and broaden the pipeline of cs professional . she believe that equity in access and excellent teaching at all level be important for these goal . â   ","['education', 'autonomous systems', 'design results clinical studies', 'multiscale transport engineering', 'biomedical imaging devices', 'computational biomedicine', 'software engineering', 'experimental understanding disease mechanisms', 'energy', 'simulation']","[0.09259731658395268, 0.0890870806374748, 0.07626738588707158, 0.0668153104781061, 0.05778127044012805, 0.04724555912615341, 0.0445435403187374, 0.04376881095324086, 0.0372677996249965, 0.031497039417435604]"
20,seyed mohammad sina ahmadi,nan,"['cybersecurity', 'biomaterials nanomedicine', 'neuroengineering', 'artificial intelligence', 'autonomous systems', 'computer engineering', 'computer networks communications', 'data analytics', 'electrical engineering', 'human centered computing']","[1.0, 1.0, 1.0, 0.0, 0.0, 0.0, 0.0, 0.0, 0.0, 0.0]"
21,wassim itani,nan,"['cybersecurity', 'biomaterials nanomedicine', 'neuroengineering', 'artificial intelligence', 'autonomous systems', 'computer engineering', 'computer networks communications', 'data analytics', 'electrical engineering', 'human centered computing']","[1.0, 1.0, 1.0, 0.0, 0.0, 0.0, 0.0, 0.0, 0.0, 0.0]"
22,hoda hassan,"  hoda hassan be an associate professor in the department of information science and technology . dr . hassan 's research interest include computer network and aiot . from 2015 to 2017 dr . hassan be engage in a 2 million egp product development project ( pdp ) fund by itac egypt . she be the research team leader work with qoudra , an iot startup company , and helwan public university to produce the first ble cad tool kit . skymind have recently acquire the develop ble tool , the worldâs first dedicate ai ecosystem builder in malaysia , and be presently commercialize as a ble development platform for industry under blupulse . dr . hassan receive her phd in computer engineering from virginia polytechnic institute and state university ( virginia tech ) in 2010 and her msc and bsc in computer science from the american university in cairo in 2005 and 1992 respectively .","['computational biomedicine', 'data analytics', 'design results clinical studies', 'visual computing', 'software engineering', 'multiscale transport engineering', 'simulation', 'bioinformatics biostatistics computational biology', 'human centered computing', 'education']","[0.11461365101225056, 0.1137147065368355, 0.0991168389083421, 0.09688639316269662, 0.09117460107822462, 0.08779776400125333, 0.0716335318826566, 0.0692045665447833, 0.06850902561004873, 0.053605626741889734]"
23,humaira akhtari,nan,"['cybersecurity', 'biomaterials nanomedicine', 'neuroengineering', 'artificial intelligence', 'autonomous systems', 'computer engineering', 'computer networks communications', 'data analytics', 'electrical engineering', 'human centered computing']","[1.0, 1.0, 1.0, 0.0, 0.0, 0.0, 0.0, 0.0, 0.0, 0.0]"
24,nora mcdonald,"  dr . mcdonald be an assistant professor at the department of information science and technology at george mason university , with a phd in information science from drexel university college of computing and informatic where she study internet privacy and anonymity . her work focus on provide safe and ethical privacy technology . she also theorize about the impact of new type of datum relation on our identity and shift norm around surveillance and privacy . orcid : Â   0000 - 0003 - 0216 - 5573","['autonomous systems', 'artificial intelligence', 'data analytics', 'biomedical imaging devices', 'computational biomedicine', 'multiscale transport engineering', 'visual computing', 'bioinformatics biostatistics computational biology', 'design results clinical studies', 'computer networks communications']","[0.1442633768184378, 0.12388592261650216, 0.11995202878081342, 0.1164404743290802, 0.11334401336131951, 0.09617558454562522, 0.08760057597568055, 0.08760057597568055, 0.07057358485943203, 0.06879720678003265]"
25,omoche cheche agada,"  omoche cheche agada be an assistant professor in the information science and technology program in the school of computing , college of engineering and computing , george mason university . his research interest be at the intersection of cybersecurity , digital forensic , datum science , and machine learning . his current research focus on extract and analyze datum pattern create by delete and decay digital file , and their application in digital forensic investigation to reconstruct previous user activity . cheche receive a phd in information technology from george mason university , an msc in digital forensic from george mason university , an msc in computer and information science from southern arkansas university , and a bsc in computer science from the university of lagos , nigeria .","['data analytics', 'computational biomedicine', 'artificial intelligence', 'biomedical imaging devices', 'software engineering', 'visual computing', 'multiscale transport engineering', 'computer networks communications', 'simulation', 'design results clinical studies']","[0.19202384316064214, 0.14515638137083725, 0.11899282346174592, 0.11716722982924391, 0.11290516775980161, 0.0981640711127233, 0.08895558671984367, 0.08810658179868874, 0.08709382882250234, 0.08536034101010415]"
26,sungsoo hong,nan,"['cybersecurity', 'biomaterials nanomedicine', 'neuroengineering', 'artificial intelligence', 'autonomous systems', 'computer engineering', 'computer networks communications', 'data analytics', 'electrical engineering', 'human centered computing']","[1.0, 1.0, 1.0, 0.0, 0.0, 0.0, 0.0, 0.0, 0.0, 0.0]"
27,ye wang,nan,"['cybersecurity', 'biomaterials nanomedicine', 'neuroengineering', 'artificial intelligence', 'autonomous systems', 'computer engineering', 'computer networks communications', 'data analytics', 'electrical engineering', 'human centered computing']","[1.0, 1.0, 1.0, 0.0, 0.0, 0.0, 0.0, 0.0, 0.0, 0.0]"
28,aiyoub abbaspour,nan,"['cybersecurity', 'biomaterials nanomedicine', 'neuroengineering', 'artificial intelligence', 'autonomous systems', 'computer engineering', 'computer networks communications', 'data analytics', 'electrical engineering', 'human centered computing']","[1.0, 1.0, 1.0, 0.0, 0.0, 0.0, 0.0, 0.0, 0.0, 0.0]"
29,andre de souza de lima,nan,"['cybersecurity', 'biomaterials nanomedicine', 'neuroengineering', 'artificial intelligence', 'autonomous systems', 'computer engineering', 'computer networks communications', 'data analytics', 'electrical engineering', 'human centered computing']","[1.0, 1.0, 1.0, 0.0, 0.0, 0.0, 0.0, 0.0, 0.0, 0.0]"
30,david binning,"  Â    david binning be a water resource engineer with over 40 year of practice in the design , construction , operation , and management of public water and wastewater system . he conduct research in evaluate and minimize system risk use probability - base analysis tool . binning be a retire u.s . navy civil engineer and chief engineer of fairfax water . he travel for the u.s . department of state consulting and teach water and wastewater system operation , maintenance , and sustainability to journeyman around the world . he be a former chair of the engineering accreditation commission of abet , inc . and serve as the assessment and accreditation director of the volgenau school of engineering .","['autonomous systems', 'environmental water resources engineering', 'biomedical imaging devices', 'multiscale transport engineering', 'design results clinical studies', 'computer networks communications', 'electrical engineering', 'theory computation', 'visual computing', 'geotechnical engineering']","[0.18365772167311326, 0.15667199731347392, 0.14574577203253436, 0.12243848111540882, 0.11627036523776524, 0.06491506980871002, 0.0636929755298482, 0.05959987832101264, 0.059040992369339684, 0.058345003501167086]"
31,david lattanzi,"david lattanzi be a license bridge engineer who put his professional experience to work in the development of the next generation of infrastructure inspection technology . respond to the crisis of our nationâs age infrastructure , lattanziâs group focus on a multidisciplinary combination of datum analytic , robotic , artificial intelligence , and structural engineering to help civil engineer make safe and more reliable life - cycle assessment . some of his current initiative include the use of digital image analysis for rapid post - disaster assessment and how to combine autonomous robotic inspection with ultra - high resolution 3d imaging to create virtual world for inspector .","['autonomous systems', 'design results clinical studies', 'applied probability statistics', 'biomedical imaging devices', 'manufacturing', 'visual computing', 'systems engineering', 'bioinformatics biostatistics computational biology', 'human centered computing', 'multiscale transport engineering']","[0.24080189735978125, 0.17323557290126324, 0.16949423051458826, 0.1322957322085173, 0.09369146112448268, 0.07741129997161834, 0.07275894061853055, 0.05805847497871376, 0.05473805515039733, 0.047216058305839456]"
32,wenying ji,"  wenye ji receive his phd in construction engineering and management from the university of alberta . he also hold a master 's degree from texas a&m university and a bachelor 's degree from southeast university . ji be an interdisciplinary scholar focus on the integration of advanced datum analytic , complex system simulation , and construction management to enhance decision - support process of the aec industry having author numerous , high - quality publication . he serve as a peer reviewer for multiple , top academic journal , include asceâs journal of construction engineering and management and automation in construction , and have recently be present with a 2017 outstanding reviewer award from asceâs journal of compute in civil engineering .","['autonomous systems', 'multiscale transport engineering', 'finance', 'biomedical imaging devices', 'design results clinical studies', 'visual computing', 'applied probability statistics', 'environmental water resources engineering', 'structural engineering', 'human centered computing']","[0.15118578920369088, 0.10079052613579392, 0.09701425001453319, 0.0784464540552736, 0.07396002616336388, 0.06885303726590963, 0.06030226891555272, 0.05621826951410452, 0.05461920202486093, 0.04868644955601476]"
33,kirin furst,nan,"['cybersecurity', 'biomaterials nanomedicine', 'neuroengineering', 'artificial intelligence', 'autonomous systems', 'computer engineering', 'computer networks communications', 'data analytics', 'electrical engineering', 'human centered computing']","[1.0, 1.0, 1.0, 0.0, 0.0, 0.0, 0.0, 0.0, 0.0, 0.0]"
34,shanjiang zhu,"shanjiang zhu be an associate professor of transportation planning and engineering at george mason university . he graduate from tsinghua university with a bachelor 's degree in 2003 and a master 's degreeÂ   in 2005 . during 2001 - 2003 , he study at the ecole centrale de nantes , in france , as a dual - degree student . he obtain his phdâ   at the university of minnesota , twin city , in 2010 and work two year as a research scientist at the university of maryland before join mason engineering . zhu be experience in travel demand modeling , travel behavior analysis , gps - base travel survey method , integrate transportation planning and simulation model , traffic incident management , and transportation economic . heÂ   be a co - pi of the transinfo university transportation centerÂ   which focus on big datum study in transportation . his research work have also be fund by the national science foundation federal highway administration , the virginia department of transportation , Â   and the virginia office of transportation public - private partnership . he be the virginia governorâs appointee on the technical advisory board of northern virginia transportation authority and be a fellow of mason'sâ   p3 policy center . zhu be the recipient of the 2014 young researcher of the year award , international transport forum , the organization for economic co - operation and development .","['autonomous systems', 'design results clinical studies', 'biomedical imaging devices', 'multiscale transport engineering', 'transportation', 'computational biomedicine', 'human centered computing', 'visual computing', 'civilian government ngos', 'education']","[0.17498355231908666, 0.11299448441625037, 0.10895340841010223, 0.10265701736053082, 0.10196254838691632, 0.0890870806374748, 0.06762006882779828, 0.06694045289741213, 0.06465715266251626, 0.0582010582010582]"
35,ting zhang,nan,"['cybersecurity', 'biomaterials nanomedicine', 'neuroengineering', 'artificial intelligence', 'autonomous systems', 'computer engineering', 'computer networks communications', 'data analytics', 'electrical engineering', 'human centered computing']","[1.0, 1.0, 1.0, 0.0, 0.0, 0.0, 0.0, 0.0, 0.0, 0.0]"
36,yang shen,nan,"['cybersecurity', 'biomaterials nanomedicine', 'neuroengineering', 'artificial intelligence', 'autonomous systems', 'computer engineering', 'computer networks communications', 'data analytics', 'electrical engineering', 'human centered computing']","[1.0, 1.0, 1.0, 0.0, 0.0, 0.0, 0.0, 0.0, 0.0, 0.0]"
37,nathalia peixoto,"nathalia be a technician in electronic and robotic before she decide to go to college . after attend university in brazil ( unicamp and usp ) and germany ( stuttgart and bonn ) , she be a researcher at stanford . she still like to travel and her group collaborate with university in israel , ireland , peru , and korea . the neural engineering lab be affiliate with the ece and bioengineere department . our team have interest in chemistry , math , physics , and in several engineering discipline . high school , undergraduate , and graduate student perform team - base project on assistive technology , wearable embed system , neural implant , and bioinstrumentation . nathaliaâs activity center around teach circuit , team - base project , and neural prosthetic ( graduate level class ) . she attend ( too many ) meeting but she would rather stay in the lab and play with electronic , soldering , and cell culture . she also sometimes present âwhat be engineeringâ to elementary and middle school .","['multiscale transport engineering', 'computer networks communications', 'human centered computing', 'education', 'visual computing', 'multiscale tribology contact mechanics', 'design results clinical studies', 'energy', 'experimental understanding disease mechanisms', 'applied probability statistics']","[0.09502621934663977, 0.07647191129018727, 0.06885303726590963, 0.06734350297014738, 0.06085806194501846, 0.06060915267313263, 0.04793949970044498, 0.044721359549995794, 0.04376881095324085, 0.03553345272593507]"
38,robert elder,nan,"['cybersecurity', 'biomaterials nanomedicine', 'neuroengineering', 'artificial intelligence', 'autonomous systems', 'computer engineering', 'computer networks communications', 'data analytics', 'electrical engineering', 'human centered computing']","[1.0, 1.0, 1.0, 0.0, 0.0, 0.0, 0.0, 0.0, 0.0, 0.0]"
39,filipe veiga,"  filipe veiga be an assistant professor in the department of electrical and computer engineering at george mason university . he obtain his phd in machine learning and robotic from the technische universitã¤t darmstadt after get a msc in electrical and computer engineering from instituto superior tã © cnico . prior to his appointment at mason , he be a postdoctoral associate at the massachusetts institute of technology . filipe 's research interest focus on the use of perception for the development of intelligent behavior in robot . he rely on biomimetic control approach in conjunction with state - of - the - art machine learning and hierarchical and distribute system in order to learn real time state estimator and complex controller . he investigate these topic in the context of robot manipulation and multi - model perception .","['autonomous systems', 'design results clinical studies', 'visual computing', 'multiscale tribology contact mechanics', 'multiscale transport engineering', 'biomedical imaging devices', 'human centered computing', 'civilian government ngos', 'computer engineering', 'national security']","[0.16721186493883003, 0.1329249607559881, 0.08567058737562386, 0.07900018051561872, 0.0766387714302971, 0.07591672938191588, 0.06057825328153826, 0.06033738452133304, 0.05959317538304523, 0.055300126360933094]"
40,jill nelson,"  jill nelson be an associate professor in the department of electrical and computer engineering at george mason university . dr . nelson 's research focus be in statistical signal processing , machine learning , and detection and estimation . she have consider application in target tracking , intelligent sonar system , and physical layer communication . her work on sonar tracking and automation be fund by the office of naval research . dr . nelson also conduct research in engineering education and stem faculty development , fund by the national science foundation . dr . nelson be a 2010 recipient of the nsf career award . she be a member of phi beta kappa , tau beta pi , eta kappa nu , and the ieee signal processing , communication , and education society .","['data analytics', 'autonomous systems', 'multiscale tribology contact mechanics', 'biomedical imaging devices', 'multiscale transport engineering', 'design results clinical studies', 'visual computing', 'human centered computing', 'computational biomedicine', 'bioinformatics biostatistics computational biology']","[0.12677313820927746, 0.12423233664947203, 0.08537347209531382, 0.0820412654142367, 0.07529232524210425, 0.07182430061427789, 0.061721339984836754, 0.054554472558998084, 0.04791574237499549, 0.046291004988627565]"
41,liang zhang,nan,"['cybersecurity', 'biomaterials nanomedicine', 'neuroengineering', 'artificial intelligence', 'autonomous systems', 'computer engineering', 'computer networks communications', 'data analytics', 'electrical engineering', 'human centered computing']","[1.0, 1.0, 1.0, 0.0, 0.0, 0.0, 0.0, 0.0, 0.0, 0.0]"
42,maryam parsa,"  maryam parsa be an assistant professor in the electrical and computer engineering department at george mason university . prior to join mason , she be a postdoctoral researcher at oak ridge national laboratory in beyond moore computing group . she receive her phd in electrical and computer engineering from the center for brain - inspire computing ( c - bric ) at purdue university in december 2020 with a prestigious four - year intel corporation , and semiconductor research corporation ( src ) phd fellowship . parsa have broad interest in the area of neuromorphic computing , neural architecture search , and bayesian optimization across the full stack of material , device , circuit , system , algorithm , and application . her research involve develop causal and physics - base machine learning and bayesian optimization to accelerate material discovery . far , in her focus on neuromorphic computing , her goal be to not only enable accurate , fast , energy - efficient , and resilient intelligence at the edge through algorithm - hardware codesign , but also to develop novel hierarchical learning / training approach base on bayesian optimization , evolutionary optimization , and synaptic learning rule . she be interested in a wide range of application such as computational neuroscience , smart healthcare diagnosis , and cyber - physical system .","['multiscale transport engineering', 'autonomous systems', 'design results clinical studies', 'human centered computing', 'multiscale tribology contact mechanics', 'computer networks communications', 'data analytics', 'biomedical imaging devices', 'experimental understanding disease mechanisms', 'visual computing']","[0.09943050756534282, 0.08773280079294954, 0.08583770043743412, 0.07628214415734115, 0.07295173999812751, 0.06777846372698752, 0.06565321642986127, 0.06373124106380759, 0.06034482758620689, 0.05993291268567301]"
43,ping xu,nan,"['cybersecurity', 'biomaterials nanomedicine', 'neuroengineering', 'artificial intelligence', 'autonomous systems', 'computer engineering', 'computer networks communications', 'data analytics', 'electrical engineering', 'human centered computing']","[1.0, 1.0, 1.0, 0.0, 0.0, 0.0, 0.0, 0.0, 0.0, 0.0]"
44,sai manoj pudukotai dinakarrao,"  sai manoj pudukotai dinakarrao , an assistant professor in department of electrical and computer engineering at mason , receive a btech degree in electronics and communication engineering from the jawaharlal nehru technological university , anantapur , india , in 2010 ; a mtech in information technology with a specialization in networking and communication from international institute of information technology bangalore , india , in 2012 ; and phd degree in electrical engineering from the nanyang technological university , singapore in 2015 . he work as post - doctoral researcher at tu wien in vienna , austria , between 2015 and 2017 . he work as post - doctoral researcher and research assistant professor at george mason university during 2017 and 2018 . pudukotai dinakarraoâs research interest include hardware security , adversarial machine learning , internet of thing network , deep learning in resource constrain environment , in - memory computing , accelerator design , algorithm , design of self - aware many - core microprocessor , and resource management in many - core microprocessor . he be a recipient of âyoung research fellow awardâ in design automation conference ( dac ) 2013 . his student win the xilinx open hardware contest 2017 ( student category ) . his work win good paper award in top - tier conference like icdm and icce , and also nominate for good paper award in conference like date and iccad . degreesÂ    phd , electrical and electronic engineering ,   nanyang technological university mtech , information technology ,   international institute of information technology bangalore btech , electronics and communication engineering ,   jawaharlal nehru technological university , anantapur","['data analytics', 'design results clinical studies', 'biomedical imaging devices', 'autonomous systems', 'multiscale tribology contact mechanics', 'artificial intelligence', 'multiscale transport engineering', 'computer networks communications', 'education', 'visual computing']","[0.17180824278583556, 0.16365836157734132, 0.14295309897962222, 0.11807404543988678, 0.11404880781081667, 0.10139588008391645, 0.08746225588139758, 0.08446181593655168, 0.06446236963220073, 0.06273550009275092]"
45,zhi tian,"  zhi tian be a professor in the department of electrical and computer engineering at george mason university . she be a recognize expert in the field of statistical signal processing , wireless communication , and machine learning . specific area of expertise have include detection and estimation theory , compress sensing , decentralized network optimization and learning , statistical inference of network datum , cognitive radio network , mimo system , array processing , multi - target tracking , datum fusion and bayesian inference . currently she conduct active research on both massive mimo for 5 g wireless network and datum science . for the latter , the research foci be on high - dimensional structured information processing , and on distribute machine learn in a network environment with sample efficiency , communication efficiency and robustness to privacy intrusion or cyber attack . dr . tian be a fellow of the institute of electrical and electronic engineer ( ieee ) , the worldâs large technical professional organization for the advancement of technology . she have be actively involve with various ieee activity in both the signal processing and communication society . she serve as an ieee distinguish lecturer for both the ieee communication society and the ieee vehicular technology society , and deliver technical tutorial on topic relate to cognitive radio and compress sensing in several international conference . she have play leadership role as conference and symposium chair , and serve as associate editor for both the ieee transaction on wireless communication and the ieee transaction on signal processing . she be a member - at - large of the ieee signal processing society board of governor ( 2019 - 2011 ) . tian join mason after spend 14 year on the faculty of the electrical and computer engineering department of michigan technological university , during which she also serve a three - year term as program director for the communication , circuit and sense system program in the division of electrical communication and cyber system ( eccs ) at the national science foundation .","['autonomous systems', 'design results clinical studies', 'multiscale tribology contact mechanics', 'biomedical imaging devices', 'multiscale transport engineering', 'computer networks communications', 'computational biomedicine', 'applied probability statistics', 'computer engineering', 'software engineering']","[0.1198492955739329, 0.11726045262582668, 0.11596486615584936, 0.09949879346007115, 0.09907541767445119, 0.0987629232924629, 0.07457669966626777, 0.06883679785191012, 0.06834156265917701, 0.062321633698445095]"
46,kuochu chang,"  professor k.c . chang be a recognize expert in datum fusion and bayesian network technology . in the past thirty year , he have conduct research on a wide range of distribute data fusion and probabilistic reasoning problem . his recent research project include office of naval research ( onr ) distribute fusion in sensor network with information genealogy , national science foundation ( nsf ) collaborative decision processing for dynamic spectrum access in programmable wireless network , army research office ( aro ) distribute fusion with copula , and air force office of scientific research ( afosr ) decision under uncertainty for satellite communication . Â   he have also work on apply datum fusion and probabilistic reasoning technique to financial engineering application . Â    he be the director of the sensor fusion lab at george mason university and the coordinator of the financial engineering program at gmu . Â    dr . chang receive his ms and phd degree in electrical engineering from the university of connecticut in 1983 and 1986 , respectively . from 1983 to 1992 , he be a senior research scientist in booz - allen & hamilton . in 1992 , he join the system engineering and operation research department of george mason university , where he be currently a professor . he have publish more than two hundred paper in the area of multi - target tracking , distribute sensor fusion , bayesian network technology , and financial engineering application . he be the editor on tracking / navigation system of ieee transaction on aerospace and electronic system from 1993 to 1996 , and the editor on large scale system of the same transaction from 1996 to 2006 . he be also an associate editor of ieee transaction on system , man , and cybernetic from 2002 to 2007 . he be the technical program co - chair of the 2009 international conference on information fusion , seattle , usa . dr . chang be elect as an ieee fellow for his contribution on âsensor data fusion and bayesian probabilistic inferenceâ in 2010 .","['data analytics', 'autonomous systems', 'design results clinical studies', 'biomedical imaging devices', 'computer networks communications', 'applied probability statistics', 'multiscale transport engineering', 'multiscale tribology contact mechanics', 'visual computing', 'software engineering']","[0.171685708586216, 0.12745815470935187, 0.09228166608714086, 0.08994331311729481, 0.07877480566078832, 0.07727408945704832, 0.07477545076281977, 0.05780958513053849, 0.05572511727047638, 0.05098326188374075]"
47,paulo costa,"  paulo costa have apply his significant experience as a fighter pilot to a career specialize in the field of electronic warfare and flight safety , which in conjunction with his research on probabilistic reasoning have lead to application in cyber and transportation security , heterogeneous data fusion , and decision support system in healthcare , defense , and other area . these topic be at the core of his classroom activity at both graduate and undergraduate level , as well asâ   his research path . costa lead the research of graduate - level student in understand security objective and verification protocol , bring in the science of probabilistic reasoning and challenging phd - level candidate to consider theory and method for build computationally efficient software agent that reason , act , and learn in environment characterize by noisy and chaotic traffic . costa be a key researcher in the field of probabilistic ontology and develop innovative application and extension that aid in the fight against cyber - warfare . he be a co - director at masonsâs radio and radar engineering lab , and director for international collaboration at the center of excellence in c4i&cyber . he receive his ms and phd from george mason university .","['design results clinical studies', 'autonomous systems', 'multiscale transport engineering', 'biomedical imaging devices', 'data analytics', 'human centered computing', 'computer networks communications', 'construction engineering management', 'systems engineering', 'applied probability statistics']","[0.12253863530893723, 0.11787671385814781, 0.11787671385814781, 0.09174483527748864, 0.08269767696299568, 0.0640573451295446, 0.05691644474956892, 0.05686409402392008, 0.054061162636295845, 0.05289361190836663]"
48,shima mohebbi,"  shima mohebbi develop scalable mathematical model and data analytic to address grand engineering challenge focus on societal need . she be motivate to understand how decision - maker ' behavior , couple with the inherent uncertainty in environmental system , impact the design and operation of cyber - physical system . her specific interest include game theory , simulation , stochastic model , and interpretable datum mining with application in healthcare system , interdependent infrastructure system , sustainable urban water system , and smart city . her research be mainly support by the national science foundationÂ   and the u.s . Â   department of transportation . Â    mohebbi be a core faculty of c - rasc ( center for resilient and sustainable community ) at mason . she be passionate about engineering education and outreach activity . she strive to create a teaching environment that promote problem - solving and communication skill , self - reflection , and collaboration among student . she have also serve as a board director in the modeling and simulation division of the institute of industrial and system engineer . prior to join mason , mohebbi be an assistant professor in the school of industrial and system engineering / datum science and analytics institute at the university of oklahoma , and a visit scholar at the university of exeterâs center for water system , uk .","['autonomous systems', 'design results clinical studies', 'biomedical imaging devices', 'computer networks communications', 'multiscale transport engineering', 'human centered computing', 'theory computation', 'visual computing', 'environmental water resources engineering', 'applied probability statistics']","[0.14734589232268477, 0.12253863530893722, 0.1223264470366515, 0.12015693891575661, 0.11787671385814781, 0.10676224188257434, 0.09754485808711882, 0.0905907662518161, 0.09040417333228196, 0.08815601984727771]"
49,shou matsumoto,nan,"['cybersecurity', 'biomaterials nanomedicine', 'neuroengineering', 'artificial intelligence', 'autonomous systems', 'computer engineering', 'computer networks communications', 'data analytics', 'electrical engineering', 'human centered computing']","[1.0, 1.0, 1.0, 0.0, 0.0, 0.0, 0.0, 0.0, 0.0, 0.0]"
50,ahmed bashatah,nan,"['cybersecurity', 'biomaterials nanomedicine', 'neuroengineering', 'artificial intelligence', 'autonomous systems', 'computer engineering', 'computer networks communications', 'data analytics', 'electrical engineering', 'human centered computing']","[1.0, 1.0, 1.0, 0.0, 0.0, 0.0, 0.0, 0.0, 0.0, 0.0]"
51,bengt ljungquist,nan,"['cybersecurity', 'biomaterials nanomedicine', 'neuroengineering', 'artificial intelligence', 'autonomous systems', 'computer engineering', 'computer networks communications', 'data analytics', 'electrical engineering', 'human centered computing']","[1.0, 1.0, 1.0, 0.0, 0.0, 0.0, 0.0, 0.0, 0.0, 0.0]"
52,carolina tecuatl tolama,nan,"['cybersecurity', 'biomaterials nanomedicine', 'neuroengineering', 'artificial intelligence', 'autonomous systems', 'computer engineering', 'computer networks communications', 'data analytics', 'electrical engineering', 'human centered computing']","[1.0, 1.0, 1.0, 0.0, 0.0, 0.0, 0.0, 0.0, 0.0, 0.0]"
53,david philippe nicolas lemonnier,nan,"['cybersecurity', 'biomaterials nanomedicine', 'neuroengineering', 'artificial intelligence', 'autonomous systems', 'computer engineering', 'computer networks communications', 'data analytics', 'electrical engineering', 'human centered computing']","[1.0, 1.0, 1.0, 0.0, 0.0, 0.0, 0.0, 0.0, 0.0, 0.0]"
54,diek wheeler,nan,"['cybersecurity', 'biomaterials nanomedicine', 'neuroengineering', 'artificial intelligence', 'autonomous systems', 'computer engineering', 'computer networks communications', 'data analytics', 'electrical engineering', 'human centered computing']","[1.0, 1.0, 1.0, 0.0, 0.0, 0.0, 0.0, 0.0, 0.0, 0.0]"
55,jair feldens ferrari,nan,"['cybersecurity', 'biomaterials nanomedicine', 'neuroengineering', 'artificial intelligence', 'autonomous systems', 'computer engineering', 'computer networks communications', 'data analytics', 'electrical engineering', 'human centered computing']","[1.0, 1.0, 1.0, 0.0, 0.0, 0.0, 0.0, 0.0, 0.0, 0.0]"
56,ketan mehta,nan,"['cybersecurity', 'biomaterials nanomedicine', 'neuroengineering', 'artificial intelligence', 'autonomous systems', 'computer engineering', 'computer networks communications', 'data analytics', 'electrical engineering', 'human centered computing']","[1.0, 1.0, 1.0, 0.0, 0.0, 0.0, 0.0, 0.0, 0.0, 0.0]"
57,michael girgis,nan,"['cybersecurity', 'biomaterials nanomedicine', 'neuroengineering', 'artificial intelligence', 'autonomous systems', 'computer engineering', 'computer networks communications', 'data analytics', 'electrical engineering', 'human centered computing']","[1.0, 1.0, 1.0, 0.0, 0.0, 0.0, 0.0, 0.0, 0.0, 0.0]"
58,nabilah ibnat baby,nan,"['cybersecurity', 'biomaterials nanomedicine', 'neuroengineering', 'artificial intelligence', 'autonomous systems', 'computer engineering', 'computer networks communications', 'data analytics', 'electrical engineering', 'human centered computing']","[1.0, 1.0, 1.0, 0.0, 0.0, 0.0, 0.0, 0.0, 0.0, 0.0]"
59,quentin sanders,"  quentin sander hold a joint appointment in the department of bioengineering and the department of mechanical engineering at george mason university 's college of engineering and computing . he receive his bachelor of science in mechanical engineering from the university of maryland baltimore county in 2015 , and his masterâs and phd in mechanical engineering from the university of california , irvine in 2018 and 2020 , respectively . prior to join the department of bioengineere quentin spend a year work at x , the moonshot factory ( formerly google x ) in addition to conduct research as a post - doctoral scholar in the joint biomedical engineering program between the university of north carolina â chapel hill , and north carolina state university .","['autonomous systems', 'biomedical imaging devices', 'design results clinical studies', 'visual computing', 'education', 'multiscale transport engineering', 'human centered computing', 'multiscale tribology contact mechanics', 'energy', 'transportation']","[0.16955971636402928, 0.11385675105156104, 0.10734517433656984, 0.08176329719869563, 0.07539711628132278, 0.06649400641726638, 0.05781538190136872, 0.05277798139692595, 0.05006958945608438, 0.04843239733753049]"
60,samuel acuna,nan,"['cybersecurity', 'biomaterials nanomedicine', 'neuroengineering', 'artificial intelligence', 'autonomous systems', 'computer engineering', 'computer networks communications', 'data analytics', 'electrical engineering', 'human centered computing']","[1.0, 1.0, 1.0, 0.0, 0.0, 0.0, 0.0, 0.0, 0.0, 0.0]"
61,suman alishetty,nan,"['cybersecurity', 'biomaterials nanomedicine', 'neuroengineering', 'artificial intelligence', 'autonomous systems', 'computer engineering', 'computer networks communications', 'data analytics', 'electrical engineering', 'human centered computing']","[1.0, 1.0, 1.0, 0.0, 0.0, 0.0, 0.0, 0.0, 0.0, 0.0]"
62,amit kumar singh,nan,"['cybersecurity', 'biomaterials nanomedicine', 'neuroengineering', 'artificial intelligence', 'autonomous systems', 'computer engineering', 'computer networks communications', 'data analytics', 'electrical engineering', 'human centered computing']","[1.0, 1.0, 1.0, 0.0, 0.0, 0.0, 0.0, 0.0, 0.0, 0.0]"
63,shaghayegh bagheri,nan,"['cybersecurity', 'biomaterials nanomedicine', 'neuroengineering', 'artificial intelligence', 'autonomous systems', 'computer engineering', 'computer networks communications', 'data analytics', 'electrical engineering', 'human centered computing']","[1.0, 1.0, 1.0, 0.0, 0.0, 0.0, 0.0, 0.0, 0.0, 0.0]"
64,pei dong,"  pei dong be an assistant professor in the department of mechanical engineering . she obtain she bsâ   in microelectronic from nankai university and her phdâ   in mechanical engineering from rice university . she then do her postdoctoral research in the department of material science and nanoengineere at rice university before join george mason university . pei be employ by new oriental education & technology group inc . when she be an undergraduate student . at rice university , she lead several research project on carbon nanomaterial , self - adaptive polymeric nanocomposite , solar cell , and water treatment . she also receive the franz and france brotzen fellowship award . her current research interest include synthesis and application of advanced material in energy and water area","['data analytics', 'autonomous systems', 'education', 'multiscale transport engineering', 'environmental water resources engineering', 'design results clinical studies', 'biomedical imaging devices', 'energy', 'transportation', 'visual computing']","[0.129580263837204, 0.10389534672141226, 0.08726388882593229, 0.08465546769892851, 0.08370563600601104, 0.06212013019407224, 0.05989849814784502, 0.05795005569646919, 0.056055185467121044, 0.04731602234073838]"
65,pilgyu kang,"  prior to come to mason pilgyu kang be a postdoctoral research associate in nam research group in the department of mechanical science and engineering ( mechse ) at university of illinois , urbana - champaign ( uiuc ) . his research focusesâ   on the development ofÂ   flexible optoelectronic sensor and devicesÂ   base on two - dimensional material such as graphene and transition metal dichalcogenide ( tmds ) , for example molybdenum disulfideÂ   ( mos2 ) . he be also work on research ( 1 ) develop integrate graphene - photonic crystal system for various flexible / wearable sensor application include strain sensor , pressure sensor , and biochemical sensor , as well as ( 2 ) surface topography engineer graphene - base optoeleronic system for highly stretchable and flexible sensor device .","['data analytics', 'design results clinical studies', 'biomedical imaging devices', 'autonomous systems', 'multiscale transport engineering', 'computer networks communications', 'systems engineering', 'computational biomedicine', 'software engineering', 'multiscale tribology contact mechanics']","[0.19518001458970663, 0.14035248376434134, 0.12179969144117253, 0.1043281061914602, 0.10432810619146018, 0.10074907413892013, 0.0956948752938691, 0.0922138891954147, 0.09128709291752768, 0.08872271477258839]"
66,van jones,nan,"['cybersecurity', 'biomaterials nanomedicine', 'neuroengineering', 'artificial intelligence', 'autonomous systems', 'computer engineering', 'computer networks communications', 'data analytics', 'electrical engineering', 'human centered computing']","[1.0, 1.0, 1.0, 0.0, 0.0, 0.0, 0.0, 0.0, 0.0, 0.0]"
67,isaac gang,nan,"['cybersecurity', 'biomaterials nanomedicine', 'neuroengineering', 'artificial intelligence', 'autonomous systems', 'computer engineering', 'computer networks communications', 'data analytics', 'electrical engineering', 'human centered computing']","[1.0, 1.0, 1.0, 0.0, 0.0, 0.0, 0.0, 0.0, 0.0, 0.0]"
68,cong wang,nan,"['cybersecurity', 'biomaterials nanomedicine', 'neuroengineering', 'artificial intelligence', 'autonomous systems', 'computer engineering', 'computer networks communications', 'data analytics', 'electrical engineering', 'human centered computing']","[1.0, 1.0, 1.0, 0.0, 0.0, 0.0, 0.0, 0.0, 0.0, 0.0]"
69,peggy brouse,  dr . brouse be the architect of the first - of - its - kind bs in cyber security engineering in the nation . the program be develop to focus on cyber - physical system and equip student to take a proactive approach to cyber security in engineer system . she design the program to use a system engineering approach to cyber security integration in system development .,"['computer networks communications', 'national security', 'design results clinical studies', 'biomedical imaging devices', 'autonomous systems', 'applied probability statistics', 'theory computation', 'visual computing', 'sports', 'multiscale tribology contact mechanics']","[0.10596258856520352, 0.10497813183356478, 0.09813067629253164, 0.09607689228305229, 0.09258200997725514, 0.07385489458759964, 0.06810052246069989, 0.06324555320336758, 0.06172133998483676, 0.058321184351980436]"
70,md tanvir arafin,"  tanvir arafin 's work focus on hardware security and trust issue in emerge compute platform . his work have be publish at flagship venue in hardware design and security , such as ieee transaction on very large scale integration system , ieee transaction of computer , acm international conference on computer - aid design , and asia and south pacific design automation conference .","['biomedical imaging devices', 'design results clinical studies', 'autonomous systems', 'systems engineering', 'software engineering', 'multiscale transport engineering', 'geotechnical engineering', 'computational biomedicine', 'simulation', 'visual computing']","[0.26020824993326663, 0.17927719707289436, 0.13501543121683043, 0.12738116634126703, 0.11572751247156893, 0.10286889997472794, 0.08333333333333336, 0.08183170883849716, 0.08183170883849716, 0.07905694150420949]"
71,mohamed ibrahem,"  mohame ibrahemÂ   receive a phd degree in electrical and computer engineering from tennessee tech university in 2021 . he be currently an assistant professor with the department of cyber security engineering , at george mason university in fairfax , virginia . dr . ibrahem receive eminence award for the doctor of philosophy good paper from tennessee tech university . Â    his research interest include security and privacy in iot environments(smart grid , e - health , vehicular network , iiot ) , apply cryptography , privacy - preserve ( secure ) machine learn training and evaluation machine learn for cyber - security , secure federate learning , secure datum aggregation , traffic analysis attack , and countermeasure , cyber - physical system security , software - define network ( sdn ) security and resource utilization .","['design results clinical studies', 'national security', 'applied probability statistics', 'communitybased healthcare', 'multiscale tribology contact mechanics', 'visual computing', 'education', 'computer networks communications', 'autonomous systems', 'experimental understanding disease mechanisms']","[0.11113247657830427, 0.11111677990074317, 0.0959403223600247, 0.09486832980505137, 0.08081220356417686, 0.07302967433402215, 0.07071067811865475, 0.06882472016116853, 0.06681531047810609, 0.06565321642986127]"
72,naveen naik sapavath,nan,"['cybersecurity', 'biomaterials nanomedicine', 'neuroengineering', 'artificial intelligence', 'autonomous systems', 'computer engineering', 'computer networks communications', 'data analytics', 'electrical engineering', 'human centered computing']","[1.0, 1.0, 1.0, 0.0, 0.0, 0.0, 0.0, 0.0, 0.0, 0.0]"
73,bo yu,nan,"['cybersecurity', 'biomaterials nanomedicine', 'neuroengineering', 'artificial intelligence', 'autonomous systems', 'computer engineering', 'computer networks communications', 'data analytics', 'electrical engineering', 'human centered computing']","[1.0, 1.0, 1.0, 0.0, 0.0, 0.0, 0.0, 0.0, 0.0, 0.0]"
74,nicholas clark,nan,"['cybersecurity', 'biomaterials nanomedicine', 'neuroengineering', 'artificial intelligence', 'autonomous systems', 'computer engineering', 'computer networks communications', 'data analytics', 'electrical engineering', 'human centered computing']","[1.0, 1.0, 1.0, 0.0, 0.0, 0.0, 0.0, 0.0, 0.0, 0.0]"
75,sherry crissman,nan,"['cybersecurity', 'biomaterials nanomedicine', 'neuroengineering', 'artificial intelligence', 'autonomous systems', 'computer engineering', 'computer networks communications', 'data analytics', 'electrical engineering', 'human centered computing']","[1.0, 1.0, 1.0, 0.0, 0.0, 0.0, 0.0, 0.0, 0.0, 0.0]"
76,william roeting,nan,"['cybersecurity', 'biomaterials nanomedicine', 'neuroengineering', 'artificial intelligence', 'autonomous systems', 'computer engineering', 'computer networks communications', 'data analytics', 'electrical engineering', 'human centered computing']","[1.0, 1.0, 1.0, 0.0, 0.0, 0.0, 0.0, 0.0, 0.0, 0.0]"
77,dorin marcu,nan,"['cybersecurity', 'biomaterials nanomedicine', 'neuroengineering', 'artificial intelligence', 'autonomous systems', 'computer engineering', 'computer networks communications', 'data analytics', 'electrical engineering', 'human centered computing']","[1.0, 1.0, 1.0, 0.0, 0.0, 0.0, 0.0, 0.0, 0.0, 0.0]"
78,itamara lochard,nan,"['cybersecurity', 'biomaterials nanomedicine', 'neuroengineering', 'artificial intelligence', 'autonomous systems', 'computer engineering', 'computer networks communications', 'data analytics', 'electrical engineering', 'human centered computing']","[1.0, 1.0, 1.0, 0.0, 0.0, 0.0, 0.0, 0.0, 0.0, 0.0]"
79,angelis pseftis,nan,"['cybersecurity', 'biomaterials nanomedicine', 'neuroengineering', 'artificial intelligence', 'autonomous systems', 'computer engineering', 'computer networks communications', 'data analytics', 'electrical engineering', 'human centered computing']","[1.0, 1.0, 1.0, 0.0, 0.0, 0.0, 0.0, 0.0, 0.0, 0.0]"
80,charles macdonough,nan,"['cybersecurity', 'biomaterials nanomedicine', 'neuroengineering', 'artificial intelligence', 'autonomous systems', 'computer engineering', 'computer networks communications', 'data analytics', 'electrical engineering', 'human centered computing']","[1.0, 1.0, 1.0, 0.0, 0.0, 0.0, 0.0, 0.0, 0.0, 0.0]"
81,desiree giangregorio,nan,"['cybersecurity', 'biomaterials nanomedicine', 'neuroengineering', 'artificial intelligence', 'autonomous systems', 'computer engineering', 'computer networks communications', 'data analytics', 'electrical engineering', 'human centered computing']","[1.0, 1.0, 1.0, 0.0, 0.0, 0.0, 0.0, 0.0, 0.0, 0.0]"
82,devlon alexander,nan,"['cybersecurity', 'biomaterials nanomedicine', 'neuroengineering', 'artificial intelligence', 'autonomous systems', 'computer engineering', 'computer networks communications', 'data analytics', 'electrical engineering', 'human centered computing']","[1.0, 1.0, 1.0, 0.0, 0.0, 0.0, 0.0, 0.0, 0.0, 0.0]"
83,eric vollmecke,nan,"['cybersecurity', 'biomaterials nanomedicine', 'neuroengineering', 'artificial intelligence', 'autonomous systems', 'computer engineering', 'computer networks communications', 'data analytics', 'electrical engineering', 'human centered computing']","[1.0, 1.0, 1.0, 0.0, 0.0, 0.0, 0.0, 0.0, 0.0, 0.0]"
84,graham archer,nan,"['cybersecurity', 'biomaterials nanomedicine', 'neuroengineering', 'artificial intelligence', 'autonomous systems', 'computer engineering', 'computer networks communications', 'data analytics', 'electrical engineering', 'human centered computing']","[1.0, 1.0, 1.0, 0.0, 0.0, 0.0, 0.0, 0.0, 0.0, 0.0]"
85,joseph king,nan,"['cybersecurity', 'biomaterials nanomedicine', 'neuroengineering', 'artificial intelligence', 'autonomous systems', 'computer engineering', 'computer networks communications', 'data analytics', 'electrical engineering', 'human centered computing']","[1.0, 1.0, 1.0, 0.0, 0.0, 0.0, 0.0, 0.0, 0.0, 0.0]"
86,joseph cheney,nan,"['cybersecurity', 'biomaterials nanomedicine', 'neuroengineering', 'artificial intelligence', 'autonomous systems', 'computer engineering', 'computer networks communications', 'data analytics', 'electrical engineering', 'human centered computing']","[1.0, 1.0, 1.0, 0.0, 0.0, 0.0, 0.0, 0.0, 0.0, 0.0]"
87,krishnan raghavan,nan,"['cybersecurity', 'biomaterials nanomedicine', 'neuroengineering', 'artificial intelligence', 'autonomous systems', 'computer engineering', 'computer networks communications', 'data analytics', 'electrical engineering', 'human centered computing']","[1.0, 1.0, 1.0, 0.0, 0.0, 0.0, 0.0, 0.0, 0.0, 0.0]"
88,marc doran,nan,"['cybersecurity', 'biomaterials nanomedicine', 'neuroengineering', 'artificial intelligence', 'autonomous systems', 'computer engineering', 'computer networks communications', 'data analytics', 'electrical engineering', 'human centered computing']","[1.0, 1.0, 1.0, 0.0, 0.0, 0.0, 0.0, 0.0, 0.0, 0.0]"
89,mark delvecchio,nan,"['cybersecurity', 'biomaterials nanomedicine', 'neuroengineering', 'artificial intelligence', 'autonomous systems', 'computer engineering', 'computer networks communications', 'data analytics', 'electrical engineering', 'human centered computing']","[1.0, 1.0, 1.0, 0.0, 0.0, 0.0, 0.0, 0.0, 0.0, 0.0]"
90,michael pastika,nan,"['cybersecurity', 'biomaterials nanomedicine', 'neuroengineering', 'artificial intelligence', 'autonomous systems', 'computer engineering', 'computer networks communications', 'data analytics', 'electrical engineering', 'human centered computing']","[1.0, 1.0, 1.0, 0.0, 0.0, 0.0, 0.0, 0.0, 0.0, 0.0]"
91,russell hansen,nan,"['cybersecurity', 'biomaterials nanomedicine', 'neuroengineering', 'artificial intelligence', 'autonomous systems', 'computer engineering', 'computer networks communications', 'data analytics', 'electrical engineering', 'human centered computing']","[1.0, 1.0, 1.0, 0.0, 0.0, 0.0, 0.0, 0.0, 0.0, 0.0]"
92,sandra peake,nan,"['cybersecurity', 'biomaterials nanomedicine', 'neuroengineering', 'artificial intelligence', 'autonomous systems', 'computer engineering', 'computer networks communications', 'data analytics', 'electrical engineering', 'human centered computing']","[1.0, 1.0, 1.0, 0.0, 0.0, 0.0, 0.0, 0.0, 0.0, 0.0]"
93,stone bond,nan,"['cybersecurity', 'biomaterials nanomedicine', 'neuroengineering', 'artificial intelligence', 'autonomous systems', 'computer engineering', 'computer networks communications', 'data analytics', 'electrical engineering', 'human centered computing']","[1.0, 1.0, 1.0, 0.0, 0.0, 0.0, 0.0, 0.0, 0.0, 0.0]"
94,susan schleigh,nan,"['cybersecurity', 'biomaterials nanomedicine', 'neuroengineering', 'artificial intelligence', 'autonomous systems', 'computer engineering', 'computer networks communications', 'data analytics', 'electrical engineering', 'human centered computing']","[1.0, 1.0, 1.0, 0.0, 0.0, 0.0, 0.0, 0.0, 0.0, 0.0]"
95,traci johnson,nan,"['cybersecurity', 'biomaterials nanomedicine', 'neuroengineering', 'artificial intelligence', 'autonomous systems', 'computer engineering', 'computer networks communications', 'data analytics', 'electrical engineering', 'human centered computing']","[1.0, 1.0, 1.0, 0.0, 0.0, 0.0, 0.0, 0.0, 0.0, 0.0]"
96,joseph kobsar,nan,"['cybersecurity', 'biomaterials nanomedicine', 'neuroengineering', 'artificial intelligence', 'autonomous systems', 'computer engineering', 'computer networks communications', 'data analytics', 'electrical engineering', 'human centered computing']","[1.0, 1.0, 1.0, 0.0, 0.0, 0.0, 0.0, 0.0, 0.0, 0.0]"
97,robert latiff,nan,"['cybersecurity', 'biomaterials nanomedicine', 'neuroengineering', 'artificial intelligence', 'autonomous systems', 'computer engineering', 'computer networks communications', 'data analytics', 'electrical engineering', 'human centered computing']","[1.0, 1.0, 1.0, 0.0, 0.0, 0.0, 0.0, 0.0, 0.0, 0.0]"
